1,1,113.352305,23.160295,0,03:00.3
2,1,113.352305,23.160295,0,03:01.3
3,1,113.352305,23.160295,0,03:02.3
4,1,113.352305,23.160295,0,03:03.3
5,1,113.352305,23.160295,0,03:04.3
6,1,113.352305,23.160295,0,03:05.3
7,1,113.352305,23.160295,0,03:06.3
8,1,113.352305,23.160295,0,03:07.3
9,1,113.352305,23.160295,0,03:08.3
10,1,113.352305,23.160295,0,03:09.3
11,1,113.352305,23.160295,0,03:10.3
12,1,113.352305,23.160295,0,03:11.3
13,1,113.352305,23.160295,0,03:12.3
14,1,113.352305,23.160295,0,03:13.3
15,1,113.352305,23.160295,0,03:14.3
16,1,113.352305,23.160295,0,03:15.3
17,1,113.352305,23.160295,0,03:16.3
18,1,113.352305,23.160295,0,03:17.3
19,1,113.352305,23.160295,0,03:18.3
20,1,113.352305,23.160295,0,03:19.3
21,1,113.352305,23.160295,0,03:20.3
22,1,113.352305,23.160295,0,03:21.3
23,1,113.352305,23.160295,0,03:22.3
24,1,113.352299,23.160293,0.5220539,03:23.3
25,1,113.352284,23.160289,1.550391786,03:24.3
26,1,113.352261,23.160284,2.399936782,03:25.3
27,1,113.35223,23.160276,3.26382803,03:26.3
28,1,113.352191,23.160267,4.2517066,03:27.3
29,1,113.352143,23.160255,5.152874461,03:28.3
30,1,113.352083,23.160241,6.261528961,03:29.3
31,1,113.352014,23.160224,7.384909607,03:30.3
32,1,113.351938,23.160207,8.219150772,03:31.3
33,1,113.351862,23.160189,8.289555366,03:32.3
34,1,113.351784,23.16017,8.379636362,03:33.3
35,1,113.351713,23.160154,7.602147358,03:34.3
36,1,113.351642,23.160137,7.644953512,03:35.3
37,1,113.35157,23.16012,7.66784865,03:36.3
38,1,113.351499,23.160104,7.645467123,03:37.3
39,1,113.351428,23.160087,7.735751499,03:38.3
40,1,113.351354,23.16007,7.915910386,03:39.3
41,1,113.351315,23.160033,7.743748161,03:40.3
42,1,113.35133,23.159968,7.554302294,03:41.3
43,1,113.351346,23.159901,7.652056638,03:42.3
44,1,113.351361,23.159836,7.487717164,03:43.3
45,1,113.351376,23.159772,7.489905051,03:44.3
46,1,113.35139,23.159708,7.342348886,03:45.3
47,1,113.351405,23.159644,7.435855716,03:46.3
48,1,113.35142,23.15958,7.304124418,03:47.3
49,1,113.351435,23.159516,7.496306922,03:48.3
50,1,113.35145,23.159451,7.520546398,03:49.3
51,1,113.351464,23.159386,7.451871276,03:50.3
52,1,113.351479,23.159324,7.27689802,03:51.3
53,1,113.351494,23.159259,7.404828177,03:52.3
54,1,113.351509,23.159196,7.371681451,03:53.3
55,1,113.351524,23.159132,7.371027187,03:54.3
56,1,113.351539,23.159069,7.420305972,03:55.3
57,1,113.351554,23.159003,7.606845918,03:56.3
58,1,113.35157,23.158937,7.734293668,03:57.3
59,1,113.351599,23.158873,7.746393863,03:58.3
60,1,113.351633,23.158811,7.807841212,03:59.3
61,1,113.351634,23.15875,7.697339644,04:00.3
62,1,113.351613,23.158684,7.841143666,04:01.3
63,1,113.351613,23.158614,7.652427339,04:02.3
64,1,113.351613,23.158544,7.660616017,04:03.3
65,1,113.351612,23.158477,7.466995585,04:04.3
66,1,113.351611,23.158409,7.438959782,04:05.3
67,1,113.35161,23.158342,7.308341121,04:06.3
68,1,113.35161,23.158277,7.200732003,04:07.3
69,1,113.351609,23.158211,7.277389118,04:08.3
70,1,113.351608,23.158144,7.366741784,04:09.3
71,1,113.351608,23.158079,7.166936238,04:10.3
72,1,113.351607,23.158018,6.675939639,04:11.3
73,1,113.351606,23.15796,6.260950466,04:12.3
74,1,113.351606,23.157908,5.744036437,04:13.3
75,1,113.351605,23.157861,5.208403256,04:14.3
76,1,113.351605,23.157818,4.741538543,04:15.3
77,1,113.351604,23.157778,4.253771388,04:16.3
78,1,113.351604,23.157744,3.722557526,04:17.3
79,1,113.351604,23.15771,3.72984643,04:18.3
80,1,113.351603,23.157677,3.640948043,04:19.3
81,1,113.351603,23.157641,3.790828631,04:20.3
82,1,113.351602,23.157605,3.820992703,04:21.3
83,1,113.351602,23.157571,3.708937421,04:22.3
84,1,113.351602,23.157536,3.864989961,04:23.3
85,1,113.351601,23.1575,3.971840156,04:24.3
86,1,113.351601,23.157463,4.106780965,04:25.3
87,1,113.351601,23.157427,3.993138516,04:26.3
88,1,113.3516,23.15739,4.11136506,04:27.3
89,1,113.3516,23.157351,4.166360086,04:28.3
90,1,113.351599,23.157311,4.293055507,04:29.3
91,1,113.351599,23.157273,4.181687673,04:30.3
92,1,113.351598,23.157234,4.341215165,04:31.3
93,1,113.351598,23.157192,4.477001701,04:32.3
94,1,113.351599,23.157149,4.656723097,04:33.3
95,1,113.351601,23.157106,4.658861334,04:34.3
96,1,113.351602,23.157064,4.665039395,04:35.3
97,1,113.351603,23.157021,4.775793894,04:36.3
98,1,113.351605,23.156976,4.966217906,04:37.3
99,1,113.351606,23.156929,5.108439458,04:38.3
100,1,113.351607,23.156881,5.190332127,04:39.3
101,1,113.351607,23.156834,5.028787241,04:40.3
102,1,113.351608,23.156787,5.07630356,04:41.3
103,1,113.351608,23.156741,5.045047487,04:42.3
104,1,113.351609,23.156696,4.949520134,04:43.3
105,1,113.351609,23.156649,5.062039828,04:44.3
106,1,113.35161,23.156604,4.944108713,04:45.3
107,1,113.35161,23.156559,4.891448178,04:46.3
108,1,113.351611,23.156516,4.770458254,04:47.3
109,1,113.351612,23.156467,5.278607625,04:48.3
110,1,113.351612,23.156413,5.871728204,04:49.3
111,1,113.351613,23.156356,6.354588939,04:50.3
112,1,113.351614,23.156294,6.889594476,04:51.3
113,1,113.351614,23.156226,7.353278645,04:52.3
114,1,113.351615,23.156154,7.810882666,04:53.3
115,1,113.351616,23.15608,8.255538164,04:54.3
116,1,113.351617,23.156001,8.718662963,04:55.3
117,1,113.351618,23.155929,8.014896788,04:56.3
118,1,113.351619,23.155857,7.916389264,04:57.3
119,1,113.35162,23.155787,7.755368088,04:58.3
120,1,113.351621,23.155715,7.818368011,04:59.3
121,1,113.351622,23.155643,7.840555274,05:00.3
122,1,113.351622,23.155571,7.862085991,05:01.3
123,1,113.351623,23.155499,7.85546415,05:02.3
124,1,113.351624,23.155427,7.858899886,05:03.3
125,1,113.351625,23.155356,7.819597784,05:04.3
126,1,113.351626,23.155284,7.834580857,05:05.3
127,1,113.351627,23.155212,7.908108718,05:06.3
128,1,113.351628,23.15514,7.953652915,05:07.3
129,1,113.351629,23.155069,7.910857907,05:08.3
130,1,113.351614,23.155006,7.788209991,05:09.3
131,1,113.35155,23.154973,7.658415273,05:10.3
132,1,113.351484,23.154951,7.473488487,05:11.3
133,1,113.351413,23.154944,7.388959749,05:12.3
134,1,113.351341,23.154936,7.425765004,05:13.3
135,1,113.351271,23.15493,7.297177544,05:14.3
136,1,113.351203,23.154923,7.105780296,05:15.3
137,1,113.35113,23.154916,7.583510824,05:16.3
138,1,113.351052,23.154908,8.118714763,05:17.3
139,1,113.350969,23.1549,8.635206249,05:18.3
140,1,113.350893,23.154893,7.834132457,05:19.3
141,1,113.350813,23.154885,8.283142012,05:20.3
142,1,113.350729,23.154877,8.701410826,05:21.3
143,1,113.35065,23.154869,8.132818683,05:22.3
144,1,113.35057,23.154862,8.198295232,05:23.3
145,1,113.350492,23.154854,8.052579751,05:24.3
146,1,113.350412,23.154847,8.249840477,05:25.3
147,1,113.350332,23.154839,8.316611026,05:26.3
148,1,113.350251,23.154831,8.405385645,05:27.3
149,1,113.350177,23.154824,7.612299617,05:28.3
150,1,113.350103,23.154817,7.705394308,05:29.3
151,1,113.350029,23.15481,7.712151388,05:30.3
152,1,113.349953,23.154803,7.765135157,05:31.3
153,1,113.349879,23.154796,7.614738373,05:32.3
154,1,113.349805,23.154789,7.60904964,05:33.3
155,1,113.349731,23.154782,7.575651709,05:34.3
156,1,113.349657,23.154775,7.744338352,05:35.3
157,1,113.349583,23.154768,7.640113244,05:36.3
158,1,113.349507,23.15476,7.802026925,05:37.3
159,1,113.349426,23.15475,8.359137288,05:38.3
160,1,113.349342,23.154734,8.90708092,05:39.3
161,1,113.349259,23.154719,8.761903136,05:40.3
162,1,113.349173,23.154703,9.186557434,05:41.3
163,1,113.349087,23.154687,9.177131647,05:42.3
164,1,113.349002,23.154671,9.156529954,05:43.3
165,1,113.348916,23.154655,9.145875691,05:44.3
166,1,113.348832,23.154639,9.004609372,05:45.3
167,1,113.348749,23.154631,8.852304006,05:46.3
168,1,113.348659,23.154635,9.283610921,05:47.3
169,1,113.348567,23.15464,9.421784412,05:48.3
170,1,113.348477,23.154644,9.290510374,05:49.3
171,1,113.348387,23.154648,9.270471745,05:50.3
172,1,113.348299,23.154653,9.133053384,05:51.3
173,1,113.34821,23.15466,9.129748379,05:52.3
174,1,113.348124,23.154677,9.176655545,05:53.3
175,1,113.348036,23.15469,9.185204874,05:54.3
176,1,113.347949,23.154703,9.182933513,05:55.3
177,1,113.347862,23.154715,9.035672841,05:56.3
178,1,113.347777,23.154728,8.982762771,05:57.3
179,1,113.347692,23.15474,8.910855911,05:58.3
180,1,113.347605,23.154753,9.107270897,05:59.3
181,1,113.347518,23.154765,9.181367423,06:00.3
182,1,113.347431,23.154778,9.063769457,06:01.3
183,1,113.347342,23.154784,9.207764587,06:02.3
184,1,113.347252,23.154789,9.255658242,06:03.3
185,1,113.347161,23.154795,9.340521223,06:04.3
186,1,113.347069,23.1548,9.502719272,06:05.3
187,1,113.346975,23.154806,9.635432882,06:06.3
188,1,113.346881,23.154806,9.480353943,06:07.3
189,1,113.346789,23.154805,9.315260504,06:08.3
190,1,113.346695,23.154803,9.49097947,06:09.3
191,1,113.346602,23.154798,9.496740334,06:10.3
192,1,113.346508,23.154791,9.688106207,06:11.3
193,1,113.346414,23.154783,9.72895327,06:12.3
194,1,113.346322,23.154769,9.570036955,06:13.3
195,1,113.346234,23.15475,9.433212392,06:14.3
196,1,113.346149,23.154728,9.261104437,06:15.3
197,1,113.346065,23.154707,9.201846988,06:16.3
198,1,113.345981,23.154678,9.365196258,06:17.3
199,1,113.345899,23.154648,9.273672295,06:18.3
200,1,113.345817,23.154614,9.401230322,06:19.3
201,1,113.345737,23.154573,9.479303967,06:20.3
202,1,113.345656,23.154532,9.483712615,06:21.3
203,1,113.345578,23.154485,9.508896988,06:22.3
204,1,113.345501,23.154439,9.415181769,06:23.3
205,1,113.34543,23.154389,9.23030724,06:24.3
206,1,113.345364,23.154337,9.059588208,06:25.3
207,1,113.345298,23.154285,9.093276723,06:26.3
208,1,113.345235,23.15423,9.074489851,06:27.3
209,1,113.345175,23.154172,9.03832138,06:28.3
210,1,113.345115,23.154113,8.928110527,06:29.3
211,1,113.345058,23.154058,8.35394975,06:30.3
212,1,113.344999,23.154001,8.826614627,06:31.3
213,1,113.344937,23.153941,9.284500439,06:32.3
214,1,113.344878,23.153883,8.844926882,06:33.3
215,1,113.344816,23.153823,9.382863316,06:34.3
216,1,113.344757,23.153766,8.949700213,06:35.3
217,1,113.3447,23.153711,8.469514908,06:36.3
218,1,113.344638,23.153655,8.97325818,06:37.3
219,1,113.344574,23.1536,9.023207575,06:38.3
220,1,113.344511,23.153546,8.963190793,06:39.3
221,1,113.344449,23.153492,8.880529904,06:40.3
222,1,113.34438,23.153438,9.469070732,06:41.3
223,1,113.344308,23.153385,9.402929697,06:42.3
224,1,113.344238,23.153333,9.287798278,06:43.3
225,1,113.344167,23.15328,9.376452073,06:44.3
226,1,113.344096,23.153226,9.411758752,06:45.3
227,1,113.344024,23.153173,9.551805959,06:46.3
228,1,113.343946,23.153124,9.626104675,06:47.3
229,1,113.343868,23.153075,9.639039272,06:48.3
230,1,113.34379,23.153027,9.533390109,06:49.3
231,1,113.343712,23.152978,9.684400152,06:50.3
232,1,113.343635,23.15293,9.559456368,06:51.3
233,1,113.343559,23.152882,9.419692115,06:52.3
234,1,113.343484,23.152836,9.302182444,06:53.3
235,1,113.343411,23.152787,9.268845653,06:54.3
236,1,113.343341,23.152734,9.446574311,06:55.3
237,1,113.343271,23.15268,9.497338759,06:56.3
238,1,113.343203,23.152627,9.326949442,06:57.3
239,1,113.343133,23.152573,9.404663175,06:58.3
240,1,113.343068,23.152514,9.536417799,06:59.3
241,1,113.343003,23.152455,9.387225664,07:00.3
242,1,113.34294,23.152397,9.295344784,07:01.3
243,1,113.342877,23.152338,9.212128069,07:02.3
244,1,113.342812,23.152279,9.386506892,07:03.3
245,1,113.34275,23.152222,9.225402269,07:04.3
246,1,113.342686,23.152163,9.340028833,07:05.3
247,1,113.342622,23.152102,9.455233977,07:06.3
248,1,113.342562,23.152037,9.58761439,07:07.3
249,1,113.342502,23.151973,9.616276086,07:08.3
250,1,113.342442,23.151907,9.754541491,07:09.3
251,1,113.342385,23.151837,9.814154088,07:10.3
252,1,113.342332,23.151764,9.894162428,07:11.3
253,1,113.34228,23.151691,9.857407932,07:12.3
254,1,113.342227,23.151616,10.04842704,07:13.3
255,1,113.342176,23.15154,10.02949238,07:14.3
256,1,113.342124,23.151463,9.972164357,07:15.3
257,1,113.342073,23.151386,10.06779892,07:16.3
258,1,113.342022,23.151309,10.02311567,07:17.3
259,1,113.341973,23.151233,9.870017584,07:18.3
260,1,113.341925,23.151158,9.754650515,07:19.3
261,1,113.341877,23.151083,9.586544896,07:20.3
262,1,113.341829,23.151007,9.782716219,07:21.3
263,1,113.341782,23.150934,9.319471567,07:22.3
264,1,113.341738,23.150866,8.817188552,07:23.3
265,1,113.341691,23.150793,9.416953312,07:24.3
266,1,113.341647,23.150725,8.859918437,07:25.3
267,1,113.341601,23.150652,9.295561156,07:26.3
268,1,113.341559,23.150585,8.69688658,07:27.3
269,1,113.341514,23.150514,9.182123474,07:28.3
270,1,113.341471,23.150446,8.751407265,07:29.3
271,1,113.341426,23.150375,9.181791567,07:30.3
272,1,113.341381,23.150304,9.18875323,07:31.3
273,1,113.341337,23.150232,9.065081475,07:32.3
274,1,113.341294,23.150162,8.884522096,07:33.3
275,1,113.341248,23.150089,9.341685691,07:34.3
276,1,113.341203,23.150016,9.327661059,07:35.3
277,1,113.341194,23.149931,9.50351428,07:36.3
278,1,113.341191,23.149845,9.607508749,07:37.3
279,1,113.34118,23.14976,9.574008566,07:38.3
280,1,113.341146,23.149682,9.551662423,07:39.3
281,1,113.341113,23.149605,9.426205245,07:40.3
282,1,113.34108,23.149528,9.261728578,07:41.3
283,1,113.34105,23.149451,9.345543475,07:42.3
284,1,113.341024,23.149371,9.495959146,07:43.3
285,1,113.340999,23.149291,9.421795891,07:44.3
286,1,113.340973,23.14921,9.564327031,07:45.3
287,1,113.340947,23.14913,9.374824069,07:46.3
288,1,113.340922,23.149051,9.456211231,07:47.3
289,1,113.340896,23.148971,9.524282851,07:48.3
290,1,113.340871,23.148892,9.441359219,07:49.3
291,1,113.340851,23.148811,9.454199794,07:50.3
292,1,113.340831,23.148731,9.354678131,07:51.3
293,1,113.340812,23.14865,9.521199611,07:52.3
294,1,113.340792,23.148567,9.638938633,07:53.3
295,1,113.340772,23.148484,9.605330451,07:54.3
296,1,113.340752,23.148401,9.59737798,07:55.3
297,1,113.340732,23.14832,9.407332103,07:56.3
298,1,113.340711,23.14824,9.381409797,07:57.3
299,1,113.340688,23.148159,9.576361801,07:58.3
300,1,113.340666,23.148078,9.512386404,07:59.3
301,1,113.340647,23.147996,9.563544643,08:00.3
302,1,113.340631,23.147912,9.735988789,08:01.3
303,1,113.340614,23.147827,9.683029158,08:02.3
304,1,113.340598,23.147743,9.61047901,08:03.3
305,1,113.340581,23.147658,9.695689353,08:04.3
306,1,113.340564,23.147574,9.587593757,08:05.3
307,1,113.340547,23.147493,9.417831451,08:06.3
308,1,113.34053,23.147413,9.274791821,08:07.3
309,1,113.340513,23.147332,9.330404058,08:08.3
310,1,113.340496,23.147253,9.204917587,08:09.3
311,1,113.340482,23.147173,9.100253272,08:10.3
312,1,113.340472,23.147093,9.124291999,08:11.3
313,1,113.340462,23.147012,9.190187825,08:12.3
314,1,113.340451,23.146932,9.053672326,08:13.3
315,1,113.340448,23.14685,9.008870099,08:14.3
316,1,113.340445,23.14677,8.918536757,08:15.3
317,1,113.340443,23.14669,8.805895782,08:16.3
318,1,113.340442,23.146606,9.256159695,08:17.3
319,1,113.340442,23.146521,9.25439036,08:18.3
320,1,113.340442,23.146438,9.139326245,08:19.3
321,1,113.340445,23.146356,9.147682664,08:20.3
322,1,113.340452,23.146274,9.227048716,08:21.3
323,1,113.340459,23.146189,9.398766596,08:22.3
324,1,113.340466,23.146105,9.438694946,08:23.3
325,1,113.340473,23.14602,9.586402971,08:24.3
326,1,113.340475,23.145932,9.610791101,08:25.3
327,1,113.340476,23.145846,9.456537474,08:26.3
328,1,113.340478,23.145762,9.278611068,08:27.3
329,1,113.34048,23.145678,9.326727816,08:28.3
330,1,113.340481,23.145592,9.402275273,08:29.3
331,1,113.340483,23.145508,9.357240997,08:30.3
332,1,113.340485,23.145422,9.425986819,08:31.3
333,1,113.340486,23.145338,9.330663062,08:32.3
334,1,113.340488,23.145253,9.404291479,08:33.3
335,1,113.340491,23.145167,9.55797261,08:34.3
336,1,113.340494,23.145081,9.437051336,08:35.3
337,1,113.340498,23.144995,9.627583868,08:36.3
338,1,113.340501,23.144907,9.747845752,08:37.3
339,1,113.340504,23.144821,9.643667392,08:38.3
340,1,113.340507,23.144733,9.761084966,08:39.3
341,1,113.34051,23.144646,9.5872445,08:40.3
342,1,113.340513,23.14456,9.564498925,08:41.3
343,1,113.340516,23.144474,9.610569516,08:42.3
344,1,113.340512,23.14439,9.473100491,08:43.3
345,1,113.340499,23.144305,9.578994403,08:44.3
346,1,113.340486,23.14422,9.67772644,08:45.3
347,1,113.340471,23.144137,9.572545834,08:46.3
348,1,113.340454,23.144049,10.1526125,08:47.3
349,1,113.340437,23.143957,10.60244066,08:48.3
350,1,113.340419,23.143862,11.06933941,08:49.3
351,1,113.340399,23.143762,11.51570984,08:50.3
352,1,113.340375,23.143659,12.01059526,08:51.3
353,1,113.340346,23.143553,12.54599454,08:52.3
354,1,113.340314,23.143442,13.08665059,08:53.3
355,1,113.340248,23.143344,13.19717215,08:54.3
356,1,113.340173,23.143251,13.1080452,08:55.3
357,1,113.340098,23.143156,13.16234425,08:56.3
358,1,113.340022,23.143061,13.29531267,08:57.3
359,1,113.339947,23.142966,13.29266479,08:58.3
360,1,113.339871,23.14287,13.36306699,08:59.3
361,1,113.339796,23.142773,13.46320161,09:00.3
362,1,113.33972,23.142676,13.46843394,09:01.3
363,1,113.339644,23.14258,13.36412215,09:02.3
364,1,113.339568,23.142486,13.31322728,09:03.3
365,1,113.339491,23.14239,13.40816348,09:04.3
366,1,113.339412,23.142294,13.59788807,09:05.3
367,1,113.339334,23.142197,13.5774839,09:06.3
368,1,113.339255,23.1421,13.72519603,09:07.3
369,1,113.339177,23.142004,13.55417991,09:08.3
370,1,113.3391,23.141909,13.50054394,09:09.3
371,1,113.33902,23.141812,13.65975895,09:10.3
372,1,113.338941,23.141716,13.47901651,09:11.3
373,1,113.338864,23.14162,13.31899219,09:12.3
374,1,113.338796,23.14152,13.23663511,09:13.3
375,1,113.338716,23.141427,13.36048384,09:14.3
376,1,113.338634,23.141333,13.54813592,09:15.3
377,1,113.338553,23.141239,13.62558622,09:16.3
378,1,113.338471,23.141143,13.76940293,09:17.3
379,1,113.33839,23.141049,13.65241119,09:18.3
380,1,113.338309,23.140955,13.68912781,09:19.3
381,1,113.33823,23.140859,13.52859735,09:20.3
382,1,113.338154,23.14076,13.59842775,09:21.3
383,1,113.338077,23.140661,13.66472906,09:22.3
384,1,113.338006,23.140559,13.55673237,09:23.3
385,1,113.337941,23.140456,13.38618254,09:24.3
386,1,113.337885,23.140352,13.27128371,09:25.3
387,1,113.33783,23.140246,13.21723451,09:26.3
388,1,113.337783,23.140136,13.36605359,09:27.3
389,1,113.337736,23.140026,13.34496746,09:28.3
390,1,113.337689,23.139917,13.30505942,09:29.3
391,1,113.337643,23.139809,13.2766785,09:30.3
392,1,113.337592,23.139704,13.08628421,09:31.3
393,1,113.337541,23.139596,13.26932601,09:32.3
394,1,113.337487,23.139488,13.36195825,09:33.3
395,1,113.33743,23.139382,13.44906646,09:34.3
396,1,113.337367,23.139278,13.4042035,09:35.3
397,1,113.337298,23.139178,13.23929413,09:36.3
398,1,113.33723,23.139078,13.29484095,09:37.3
399,1,113.337162,23.138977,13.34281105,09:38.3
400,1,113.337092,23.138875,13.52411902,09:39.3
401,1,113.337021,23.138771,13.64245108,09:40.3
402,1,113.336965,23.138663,13.76090403,09:41.3
403,1,113.336928,23.138549,13.58184536,09:42.3
404,1,113.336965,23.138437,13.42397038,09:43.3
405,1,113.337026,23.13833,13.54941802,09:44.3
406,1,113.337087,23.138228,13.08119714,09:45.3
407,1,113.337199,23.138245,12.51298395,09:46.3
408,1,113.337311,23.138271,12.09178279,09:47.3
409,1,113.337419,23.138295,11.66897714,09:48.3
410,1,113.337521,23.138318,11.08488044,09:49.3
411,1,113.337618,23.13834,10.59858763,09:50.3
412,1,113.337717,23.138362,10.75370268,09:51.3
413,1,113.337817,23.138385,10.89298539,09:52.3
414,1,113.337917,23.138408,10.6984562,09:53.3
415,1,113.338016,23.138426,10.60470045,09:54.3
416,1,113.338114,23.138444,10.4250716,09:55.3
417,1,113.338212,23.138462,10.49681052,09:56.3
418,1,113.338311,23.138483,10.65965899,09:57.3
419,1,113.338411,23.138505,10.69907648,09:58.3
420,1,113.33851,23.138527,10.70620422,09:59.3
421,1,113.33861,23.138548,10.78166968,10:00.3
422,1,113.338709,23.138569,10.72922656,10:01.3
423,1,113.338809,23.13859,10.70430769,10:02.3
424,1,113.338908,23.13861,10.56675576,10:03.3
425,1,113.339006,23.138631,10.5407642,10:04.3
426,1,113.339103,23.138651,10.51294591,10:05.3
427,1,113.339201,23.138671,10.57917895,10:06.3
428,1,113.339299,23.138691,10.5550098,10:07.3
429,1,113.339398,23.138711,10.49287229,10:08.3
430,1,113.339495,23.13873,10.33787102,10:09.3
431,1,113.33959,23.138748,10.28362907,10:10.3
432,1,113.339685,23.138766,10.16279378,10:11.3
433,1,113.339778,23.138791,10.18552074,10:12.3
434,1,113.339871,23.138823,10.23470082,10:13.3
435,1,113.339968,23.138835,10.14564227,10:14.3
436,1,113.340062,23.138839,9.683156666,10:15.3
437,1,113.34015,23.13883,9.188193617,10:16.3
438,1,113.340233,23.138818,8.776214141,10:17.3
439,1,113.340322,23.138806,9.350019878,10:18.3
440,1,113.340407,23.138794,8.884088027,10:19.3
441,1,113.340496,23.138782,9.416126784,10:20.3
442,1,113.340587,23.13877,9.503551855,10:21.3
443,1,113.340677,23.138761,9.442504022,10:22.3
444,1,113.340769,23.138752,9.515934591,10:23.3
445,1,113.34086,23.138743,9.468386343,10:24.3
446,1,113.340952,23.138734,9.513883393,10:25.3
447,1,113.341042,23.138725,9.384592953,10:26.3
448,1,113.341131,23.138716,9.300424559,10:27.3
449,1,113.341223,23.138707,9.468315688,10:28.3
450,1,113.341315,23.138697,9.541736568,10:29.3
451,1,113.341407,23.13868,9.701679527,10:30.3
452,1,113.3415,23.138662,9.859095003,10:31.3
453,1,113.341592,23.138645,9.856159176,10:32.3
454,1,113.341684,23.138627,9.788447734,10:33.3
455,1,113.341775,23.13861,9.733631511,10:34.3
456,1,113.341866,23.138593,9.731054785,10:35.3
457,1,113.341956,23.138576,9.65832021,10:36.3
458,1,113.34205,23.138558,10.06504329,10:37.3
459,1,113.342148,23.138539,10.49006905,10:38.3
460,1,113.34225,23.138519,11.00750202,10:39.3
461,1,113.342359,23.138498,11.55064325,10:40.3
462,1,113.342471,23.138477,11.96195354,10:41.3
463,1,113.342588,23.138456,12.4348023,10:42.3
464,1,113.342709,23.138434,12.91594988,10:43.3
465,1,113.342834,23.138412,13.33259965,10:44.3
466,1,113.342959,23.138389,13.48158772,10:45.3
467,1,113.343085,23.138366,13.50830098,10:46.3
468,1,113.34321,23.138343,13.42876332,10:47.3
469,1,113.343335,23.138321,13.41230981,10:48.3
470,1,113.343458,23.138299,13.22737814,10:49.3
471,1,113.343581,23.138276,13.15634536,10:50.3
472,1,113.343702,23.138254,12.9785917,10:51.3
473,1,113.343825,23.138232,13.03621895,10:52.3
474,1,113.343947,23.138211,13.0148847,10:53.3
475,1,113.344071,23.138191,13.07771583,10:54.3
476,1,113.344192,23.13817,12.94508598,10:55.3
477,1,113.344315,23.13815,13.14360436,10:56.3
478,1,113.344438,23.138132,13.0119393,10:57.3
479,1,113.344562,23.138112,13.20130605,10:58.3
480,1,113.344686,23.138092,13.079358,10:59.3
481,1,113.344808,23.138073,13.0092066,11:00.3
482,1,113.344924,23.138054,12.37814868,11:01.3
483,1,113.345035,23.138036,11.67665966,11:02.3
484,1,113.345139,23.13802,10.96261259,11:03.3
485,1,113.34524,23.138003,10.77078236,11:04.3
486,1,113.345335,23.137977,10.62680594,11:05.3
487,1,113.345418,23.137919,10.79526054,11:06.3
488,1,113.345512,23.137878,10.88485843,11:07.3
489,1,113.345607,23.137851,10.40583834,11:08.3
490,1,113.345697,23.137826,9.958567981,11:09.3
491,1,113.345783,23.137802,9.428486827,11:10.3
492,1,113.345864,23.137776,9.003096249,11:11.3
493,1,113.345933,23.137735,8.561115021,11:12.3
494,1,113.345989,23.137684,8.138038378,11:13.3
495,1,113.346041,23.137636,7.648209676,11:14.3
496,1,113.346087,23.137582,7.699314039,11:15.3
497,1,113.346126,23.137521,7.786204199,11:16.3
498,1,113.346161,23.137459,7.842552899,11:17.3
499,1,113.346181,23.137391,7.973965808,11:18.3
500,1,113.346188,23.137321,7.93482233,11:19.3
501,1,113.34619,23.137249,8.03072447,11:20.3
502,1,113.346188,23.137175,8.20172909,11:21.3
503,1,113.346183,23.1371,8.238633219,11:22.3
504,1,113.346167,23.137029,8.295070594,11:23.3
505,1,113.346151,23.136956,8.355521729,11:24.3
506,1,113.346135,23.136884,8.21872452,11:25.3
507,1,113.346119,23.136815,8.117471486,11:26.3
508,1,113.346103,23.136746,8.018036662,11:27.3
509,1,113.346081,23.136676,8.129311807,11:28.3
510,1,113.34606,23.136607,8.083678287,11:29.3
511,1,113.346039,23.136539,8.00362049,11:30.3
512,1,113.346011,23.13647,8.198604575,11:31.3
513,1,113.345973,23.136405,8.201088275,11:32.3
514,1,113.345935,23.13634,8.186740711,11:33.3
515,1,113.345897,23.136275,8.279441888,11:34.3
516,1,113.345863,23.136209,8.118601775,11:35.3
517,1,113.345831,23.136143,8.089695787,11:36.3
518,1,113.3458,23.136078,7.975752996,11:37.3
519,1,113.345772,23.136012,7.876873265,11:38.3
520,1,113.345751,23.135947,7.725355942,11:39.3
521,1,113.345736,23.135882,7.578102376,11:40.3
522,1,113.345721,23.135818,7.49193403,11:41.3
523,1,113.345706,23.135754,7.513240816,11:42.3
524,1,113.345694,23.135688,7.592716486,11:43.3
525,1,113.345682,23.13562,7.78917728,11:44.3
526,1,113.34567,23.135551,7.90036235,11:45.3
527,1,113.345659,23.135483,7.760584587,11:46.3
528,1,113.345647,23.135415,7.7567612,11:47.3
529,1,113.345635,23.135347,7.774161034,11:48.3
530,1,113.345625,23.13528,7.724602959,11:49.3
531,1,113.345614,23.135211,7.911298228,11:50.3
532,1,113.345606,23.13514,7.954357113,11:51.3
533,1,113.345606,23.13507,7.755230813,11:52.3
534,1,113.345606,23.135,7.562118822,11:53.3
535,1,113.345606,23.13493,7.73868089,11:54.3
536,1,113.345606,23.134862,7.542313263,11:55.3
537,1,113.345609,23.134796,7.393560497,11:56.3
538,1,113.345612,23.134728,7.500747761,11:57.3
539,1,113.345615,23.13466,7.483402142,11:58.3
540,1,113.345619,23.134594,7.297294222,11:59.3
541,1,113.345622,23.134529,7.205825001,12:00.3
542,1,113.345625,23.134464,7.09436824,12:01.3
543,1,113.345629,23.134396,7.559505604,12:02.3
544,1,113.345633,23.134324,7.996351876,12:03.3
545,1,113.345639,23.134248,8.516130113,12:04.3
546,1,113.345652,23.134169,9.071523161,12:05.3
547,1,113.345665,23.134085,9.583314121,12:06.3
548,1,113.345678,23.133997,10.01505902,12:07.3
549,1,113.345692,23.133906,10.44987064,12:08.3
550,1,113.345707,23.13381,10.91312637,12:09.3
551,1,113.345723,23.13371,11.51288146,12:10.3
552,1,113.345739,23.133604,12.01683799,12:11.3
553,1,113.345766,23.133497,12.53584392,12:12.3
554,1,113.345796,23.133385,13.08485455,12:13.3
555,1,113.345854,23.133279,13.49791413,12:14.3
556,1,113.345908,23.13317,13.99247674,12:15.3
557,1,113.345922,23.13304,14.56875065,12:16.3
558,1,113.345935,23.132906,15.16742842,12:17.3
559,1,113.34595,23.132767,15.65040233,12:18.3
560,1,113.345964,23.132624,16.06916592,12:19.3
561,1,113.34598,23.132476,16.62505996,12:20.3
562,1,113.345995,23.132326,17.06385199,12:21.3
563,1,113.346011,23.132171,17.53139558,12:22.3
564,1,113.346028,23.132011,18.09040095,12:23.3
565,1,113.346045,23.131848,18.51519779,12:24.3
566,1,113.346065,23.131684,18.96639136,12:25.3
567,1,113.346085,23.131516,19.46827465,12:26.3
568,1,113.346104,23.131349,19.3239092,12:27.3
569,1,113.346124,23.131183,19.23532638,12:28.3
570,1,113.346144,23.131015,19.21042505,12:29.3
571,1,113.346164,23.130846,19.09641692,12:30.3
572,1,113.346182,23.13068,18.91577954,12:31.3
573,1,113.346196,23.130508,19.43957228,12:32.3
574,1,113.34621,23.130337,19.32730743,12:33.3
575,1,113.346224,23.130166,19.29268971,12:34.3
576,1,113.346237,23.129993,19.45125829,12:35.3
577,1,113.346249,23.129819,19.54307041,12:36.3
578,1,113.346261,23.129644,19.67097908,12:37.3
579,1,113.346274,23.12947,19.60385152,12:38.3
580,1,113.346286,23.129295,19.708448,12:39.3
581,1,113.346298,23.12912,19.68918371,12:40.3
582,1,113.34631,23.128946,19.53242557,12:41.3
583,1,113.346322,23.128771,19.57365071,12:42.3
584,1,113.346334,23.128597,19.40240356,12:43.3
585,1,113.346345,23.128423,19.53837977,12:44.3
586,1,113.346356,23.128247,19.636197,12:45.3
587,1,113.346367,23.128071,19.67840585,12:46.3
588,1,113.346378,23.127894,19.87146964,12:47.3
589,1,113.346389,23.127718,19.80477079,12:48.3
590,1,113.3464,23.127544,19.65150044,12:49.3
591,1,113.346411,23.12737,19.57177543,12:50.3
592,1,113.346422,23.127195,19.71819711,12:51.3
593,1,113.346433,23.127021,19.55654017,12:52.3
594,1,113.346444,23.126845,19.67507529,12:53.3
595,1,113.346455,23.126671,19.58184364,12:54.3
596,1,113.346466,23.126497,19.52321606,12:55.3
597,1,113.346477,23.126325,19.32824101,12:56.3
598,1,113.346488,23.126154,19.226323,12:57.3
599,1,113.346499,23.125982,19.22648278,12:58.3
600,1,113.34651,23.12581,19.29738987,12:59.3
601,1,113.346521,23.125639,19.25426608,13:00.3
602,1,113.346531,23.125469,19.12434979,13:01.3
603,1,113.346542,23.125298,19.27334577,13:02.3
604,1,113.346553,23.125124,19.4227284,13:03.3
605,1,113.346564,23.12495,19.57530443,13:04.3
606,1,113.346576,23.124777,19.48654655,13:05.3
607,1,113.346587,23.124603,19.56723035,13:06.3
608,1,113.346599,23.124428,19.75448481,13:07.3
609,1,113.34661,23.124252,19.81395356,13:08.3
610,1,113.346622,23.124076,19.80417104,13:09.3
611,1,113.346633,23.123905,19.25979533,13:10.3
612,1,113.346644,23.123738,18.85455287,13:11.3
613,1,113.346655,23.123574,18.33915686,13:12.3
614,1,113.346665,23.123414,17.90226253,13:13.3
615,1,113.346674,23.123259,17.42155372,13:14.3
616,1,113.34668,23.123098,17.97773757,13:15.3
617,1,113.346685,23.122933,18.44701927,13:16.3
618,1,113.346691,23.122763,18.8744678,13:17.3
619,1,113.346697,23.12259,19.28431018,13:18.3
620,1,113.346703,23.122416,19.47438549,13:19.3
621,1,113.346703,23.122241,19.39943225,13:20.3
622,1,113.346703,23.122066,19.24175809,13:21.3
623,1,113.346703,23.121894,19.06025098,13:22.3
624,1,113.346701,23.121721,19.21021771,13:23.3
625,1,113.346698,23.121547,19.22220588,13:24.3
626,1,113.346695,23.121374,19.18584748,13:25.3
627,1,113.346693,23.121201,19.10126196,13:26.3
628,1,113.34669,23.121029,19.06986016,13:27.3
629,1,113.346686,23.120858,19.03540145,13:28.3
630,1,113.34668,23.120686,19.21048666,13:29.3
631,1,113.346674,23.120513,19.18732025,13:30.3
632,1,113.346651,23.120344,19.16190033,13:31.3
633,1,113.346627,23.120175,19.33551648,13:32.3
634,1,113.346622,23.120002,19.20027564,13:33.3
635,1,113.346615,23.119832,19.04261231,13:34.3
636,1,113.346608,23.11966,19.2295209,13:35.3
637,1,113.3466,23.119489,19.08858211,13:36.3
638,1,113.346591,23.119317,19.26249167,13:37.3
639,1,113.346579,23.119146,19.29262248,13:38.3
640,1,113.346568,23.118976,19.13077585,13:39.3
641,1,113.346557,23.118801,19.54988149,13:40.3
642,1,113.346544,23.118623,20.10705327,13:41.3
643,1,113.346531,23.11844,20.67037403,13:42.3
644,1,113.346517,23.118251,21.22266161,13:43.3
645,1,113.346503,23.118057,21.68613223,13:44.3
646,1,113.346489,23.117859,22.17320695,13:45.3
647,1,113.346473,23.117656,22.77039847,13:46.3
648,1,113.346458,23.117449,23.27411034,13:47.3
649,1,113.346443,23.117244,23.16977543,13:48.3
650,1,113.346434,23.117036,23.31448621,13:49.3
651,1,113.346429,23.116828,23.25542573,13:50.3
652,1,113.346412,23.116621,23.42053561,13:51.3
653,1,113.346396,23.116413,23.52407863,13:52.3
654,1,113.346379,23.116204,23.48788945,13:53.3
655,1,113.346362,23.115996,23.43203737,13:54.3
656,1,113.346346,23.115789,23.35858289,13:55.3
657,1,113.346329,23.115581,23.5035116,13:56.3
658,1,113.346313,23.115372,23.58214286,13:57.3
659,1,113.346296,23.115164,23.48674668,13:58.3
660,1,113.346281,23.114956,23.44045086,13:59.3
661,1,113.346266,23.114747,23.42937357,14:00.3
662,1,113.346251,23.114539,23.33077694,14:01.3
663,1,113.346236,23.114333,23.23071191,14:02.3
664,1,113.346221,23.114127,23.22746898,14:03.3
665,1,113.346206,23.113922,23.17855145,14:04.3
666,1,113.346191,23.113714,23.30076429,14:05.3
667,1,113.346177,23.113508,23.19048059,14:06.3
668,1,113.346162,23.113303,23.01802848,14:07.3
669,1,113.346147,23.113098,22.99287253,14:08.3
670,1,113.346132,23.112894,22.93068102,14:09.3
671,1,113.346118,23.112689,23.04958248,14:10.3
672,1,113.346103,23.112485,22.9753887,14:11.3
673,1,113.346088,23.11228,23.16190182,14:12.3
674,1,113.346073,23.112074,23.11506779,14:13.3
675,1,113.346059,23.111873,22.53972308,14:14.3
676,1,113.346045,23.111677,22.01811799,14:15.3
677,1,113.346032,23.111487,21.42916288,14:16.3
678,1,113.346019,23.1113,20.99949868,14:17.3
679,1,113.346007,23.111117,20.58412931,14:18.3
680,1,113.345995,23.110938,20.06935001,14:19.3
681,1,113.345983,23.11076,20.03258536,14:20.3
682,1,113.345971,23.110581,20.07729203,14:21.3
683,1,113.345959,23.110401,20.22799785,14:22.3
684,1,113.345947,23.110222,20.14060116,14:23.3
685,1,113.345934,23.110041,20.26171337,14:24.3
686,1,113.345922,23.109861,20.15777545,14:25.3
687,1,113.345909,23.109682,20.18446644,14:26.3
688,1,113.345896,23.109504,20.1298984,14:27.3
689,1,113.345884,23.109326,19.99141704,14:28.3
690,1,113.345871,23.109147,20.05032123,14:29.3
691,1,113.345858,23.108969,20.00218301,14:30.3
692,1,113.345846,23.108793,19.84123021,14:31.3
693,1,113.345834,23.108617,19.82711502,14:32.3
694,1,113.345821,23.108439,19.91058603,14:33.3
695,1,113.345809,23.108261,19.91043219,14:34.3
696,1,113.345796,23.108083,20.00869158,14:35.3
697,1,113.345784,23.107907,19.89194677,14:36.3
698,1,113.345772,23.107729,20.04766181,14:37.3
699,1,113.345759,23.107552,19.98762579,14:38.3
700,1,113.345747,23.107375,19.8672157,14:39.3
701,1,113.345735,23.107198,19.96726576,14:40.3
702,1,113.345723,23.10702,20.06603692,14:41.3
703,1,113.34571,23.106842,19.9592642,14:42.3
704,1,113.345696,23.106664,20.01310375,14:43.3
705,1,113.345681,23.106486,20.0939813,14:44.3
706,1,113.345668,23.106305,20.28064425,14:45.3
707,1,113.345663,23.106121,20.47842902,14:46.3
708,1,113.345656,23.105938,20.32264031,14:47.3
709,1,113.345647,23.105756,20.36651321,14:48.3
710,1,113.345638,23.105572,20.46063912,14:49.3
711,1,113.345638,23.105389,20.33420469,14:50.3
712,1,113.345638,23.105203,20.50457484,14:51.3
713,1,113.345638,23.105018,20.36857659,14:52.3
714,1,113.345638,23.104835,20.29987079,14:53.3
715,1,113.345638,23.104651,20.23846675,14:54.3
716,1,113.345638,23.104466,20.35264501,14:55.3
717,1,113.345636,23.104284,20.26384078,14:56.3
718,1,113.345634,23.104101,20.3432216,14:57.3
719,1,113.345632,23.103917,20.47654934,14:58.3
720,1,113.345632,23.10373,20.66030047,14:59.3
721,1,113.345634,23.103545,20.62640301,15:00.3
722,1,113.345637,23.103361,20.48880807,15:01.3
723,1,113.345639,23.103177,20.38929145,15:02.3
724,1,113.345642,23.102993,20.52608586,15:03.3
725,1,113.345645,23.102808,20.47682427,15:04.3
726,1,113.345647,23.102624,20.46886648,15:05.3
727,1,113.34565,23.102442,20.31983002,15:06.3
728,1,113.345652,23.102255,20.72072091,15:07.3
729,1,113.345655,23.102064,21.14807,15:08.3
730,1,113.345658,23.101869,21.6262487,15:09.3
731,1,113.345661,23.101671,22.08532467,15:10.3
732,1,113.345662,23.101466,22.60031221,15:11.3
733,1,113.345662,23.101257,23.06348354,15:12.3
734,1,113.345662,23.101049,22.90858514,15:13.3
735,1,113.345662,23.100842,22.98123603,15:14.3
736,1,113.345662,23.100635,22.99198045,15:15.3
737,1,113.345662,23.100427,22.91408923,15:16.3
738,1,113.345662,23.10022,23.00524959,15:17.3
739,1,113.345662,23.100014,22.80685156,15:18.3
740,1,113.345662,23.09981,22.65989518,15:19.3
741,1,113.345662,23.099605,22.74329908,15:20.3
742,1,113.345662,23.099401,22.63569688,15:21.3
743,1,113.345662,23.099198,22.52825852,15:22.3
744,1,113.345663,23.098994,22.58647727,15:23.3
745,1,113.345667,23.098791,22.63045546,15:24.3
746,1,113.345671,23.098588,22.49836697,15:25.3
747,1,113.345675,23.098387,22.42819067,15:26.3
748,1,113.345679,23.098184,22.55509775,15:27.3
749,1,113.345683,23.097981,22.53115698,15:28.3
750,1,113.345687,23.097778,22.56709143,15:29.3
751,1,113.345691,23.097575,22.68583167,15:30.3
752,1,113.345695,23.097372,22.64012257,15:31.3
753,1,113.345699,23.097169,22.63424013,15:32.3
754,1,113.345703,23.096963,22.82924223,15:33.3
755,1,113.345707,23.096758,22.82839913,15:34.3
756,1,113.345711,23.096552,22.83729916,15:35.3
757,1,113.345714,23.096347,22.83177851,15:36.3
758,1,113.345718,23.096141,22.87520676,15:37.3
759,1,113.345721,23.095933,23.01895431,15:38.3
760,1,113.345725,23.095724,23.14560747,15:39.3
761,1,113.345728,23.095515,23.11807981,15:40.3
762,1,113.345731,23.095306,23.2971044,15:41.3
763,1,113.345735,23.095099,23.11577541,15:42.3
764,1,113.345738,23.094886,23.55752886,15:43.3
765,1,113.345741,23.094669,24.11000264,15:44.3
766,1,113.345744,23.094448,24.55057075,15:45.3
767,1,113.345747,23.094222,25.02100532,15:46.3
768,1,113.34575,23.093992,25.60346148,15:47.3
769,1,113.345753,23.093757,26.14215799,15:48.3
770,1,113.345748,23.093518,26.70561252,15:49.3
771,1,113.34574,23.093274,27.24032069,15:50.3
772,1,113.345732,23.093036,26.57533683,15:51.3
773,1,113.345725,23.092798,26.46505781,15:52.3
774,1,113.345717,23.09256,26.60910918,15:53.3
775,1,113.345709,23.092321,26.69114433,15:54.3
776,1,113.345688,23.092084,26.7838018,15:55.3
777,1,113.345666,23.091847,26.88369273,15:56.3
778,1,113.345644,23.091611,26.77044637,15:57.3
779,1,113.345609,23.091378,26.67952245,15:58.3
780,1,113.34557,23.091146,26.72622088,15:59.3
781,1,113.345533,23.090915,26.64008814,16:00.3
782,1,113.345495,23.090686,26.45805825,16:01.3
783,1,113.345457,23.090454,26.57319768,16:02.3
784,1,113.345419,23.090224,26.39622827,16:03.3
785,1,113.345378,23.089994,26.58867321,16:04.3
786,1,113.345325,23.089768,26.40794074,16:05.3
787,1,113.345272,23.089541,26.50879609,16:06.3
788,1,113.345208,23.089318,26.42630829,16:07.3
789,1,113.345143,23.089094,26.4290126,16:08.3
790,1,113.345075,23.088872,26.43370951,16:09.3
791,1,113.344998,23.088652,26.35880511,16:10.3
792,1,113.344921,23.088432,26.24171593,16:11.3
793,1,113.344842,23.088213,26.38441068,16:12.3
794,1,113.344762,23.087994,26.40218112,16:13.3
795,1,113.344683,23.087777,26.23141532,16:14.3
796,1,113.344591,23.087562,26.36228396,16:15.3
797,1,113.344498,23.087347,26.54100891,16:16.3
798,1,113.3444,23.087132,26.53222725,16:17.3
799,1,113.344298,23.08692,26.46474779,16:18.3
800,1,113.344193,23.086707,26.65570441,16:19.3
801,1,113.344084,23.086493,26.82157712,16:20.3
802,1,113.343973,23.086278,26.9571969,16:21.3
803,1,113.34386,23.086064,27.03979072,16:22.3
804,1,113.343738,23.085858,26.35144458,16:23.3
805,1,113.343617,23.085654,26.24949284,16:24.3
806,1,113.343496,23.08545,26.13533778,16:25.3
807,1,113.343368,23.085249,26.22622784,16:26.3
808,1,113.343238,23.085048,26.18801191,16:27.3
809,1,113.343107,23.084847,26.28900179,16:28.3
810,1,113.342981,23.084645,26.15310013,16:29.3
811,1,113.34284,23.084451,26.29448354,16:30.3
812,1,113.342698,23.084257,26.25920953,16:31.3
813,1,113.342552,23.08406,26.82786124,16:32.3
814,1,113.342396,23.083866,27.32028646,16:33.3
815,1,113.342243,23.083677,26.6914741,16:34.3
816,1,113.342086,23.083486,27.20819519,16:35.3
817,1,113.34193,23.083302,26.45575453,16:36.3
818,1,113.341764,23.083121,26.94954921,16:37.3
819,1,113.341599,23.082941,26.79885873,16:38.3
820,1,113.341434,23.082761,26.81448596,16:39.3
821,1,113.341262,23.082583,26.97613953,16:40.3
822,1,113.341089,23.082405,27.06265739,16:41.3
823,1,113.34092,23.082231,26.38907819,16:42.3
824,1,113.340749,23.082063,26.19661878,16:43.3
825,1,113.340577,23.081894,26.28977578,16:44.3
826,1,113.340406,23.081726,26.17746428,16:45.3
827,1,113.340236,23.081558,26.13707916,16:46.3
828,1,113.340063,23.081389,26.3304842,16:47.3
829,1,113.339891,23.081219,26.35422159,16:48.3
830,1,113.339718,23.081048,26.51600318,16:49.3
831,1,113.339543,23.080876,26.69579149,16:50.3
832,1,113.339368,23.080704,26.67293894,16:51.3
833,1,113.339193,23.080532,26.82651917,16:52.3
834,1,113.339017,23.080359,27.00633935,16:53.3
835,1,113.338845,23.08019,26.31744582,16:54.3
836,1,113.338672,23.08002,26.41664161,16:55.3
837,1,113.338501,23.079847,26.5282101,16:56.3
838,1,113.338331,23.079674,26.71635432,16:57.3
839,1,113.338159,23.079499,26.76436741,16:58.3
840,1,113.337986,23.079323,26.96022964,16:59.3
841,1,113.337816,23.079146,26.8038787,17:00.3
842,1,113.337656,23.07896,26.9582175,17:01.3
843,1,113.337497,23.078774,26.84799231,17:02.3
844,1,113.337349,23.078578,26.79827514,17:03.3
845,1,113.337208,23.07838,26.70570093,17:04.3
846,1,113.337078,23.078175,26.69734226,17:05.3
847,1,113.336952,23.077967,26.77565473,17:06.3
848,1,113.336838,23.077757,26.59600575,17:07.3
849,1,113.336726,23.077547,26.44363327,17:08.3
850,1,113.336631,23.077332,26.36373775,17:09.3
851,1,113.336538,23.077119,26.29969641,17:10.3
852,1,113.336451,23.076904,26.11402416,17:11.3
853,1,113.336377,23.076686,26.1015804,17:12.3
854,1,113.336312,23.076467,26.00203047,17:13.3
855,1,113.336251,23.076246,25.93510009,17:14.3
856,1,113.336204,23.076024,25.79236908,17:15.3
857,1,113.336164,23.0758,25.78883113,17:16.3
858,1,113.33613,23.075576,25.63836781,17:17.3
859,1,113.336108,23.075347,25.83074456,17:18.3
860,1,113.336089,23.075119,25.80504316,17:19.3
861,1,113.336077,23.07489,25.71610262,17:20.3
862,1,113.336077,23.074658,25.72657287,17:21.3
863,1,113.336086,23.074427,25.85315711,17:22.3
864,1,113.336097,23.074198,25.6830926,17:23.3
865,1,113.336123,23.073973,25.52975522,17:24.3
866,1,113.336159,23.073751,25.41181472,17:25.3
867,1,113.336199,23.073531,25.46730269,17:26.3
868,1,113.336247,23.073312,25.49635223,17:27.3
869,1,113.336304,23.073097,25.37177705,17:28.3
870,1,113.336361,23.072884,25.189335,17:29.3
871,1,113.336425,23.072672,25.28403404,17:30.3
872,1,113.336502,23.072461,25.37635977,17:31.3
873,1,113.336579,23.072252,25.2943018,17:32.3
874,1,113.336657,23.072044,25.15658458,17:33.3
875,1,113.336742,23.071838,25.26242567,17:34.3
876,1,113.336829,23.071631,25.40248031,17:35.3
877,1,113.336915,23.071425,25.3855027,17:36.3
878,1,113.337001,23.071217,25.3477027,17:37.3
879,1,113.337083,23.071011,25.16276263,17:38.3
880,1,113.337165,23.070803,25.36151246,17:39.3
881,1,113.337249,23.070596,25.32078305,17:40.3
882,1,113.337333,23.070388,25.36888543,17:41.3
883,1,113.337414,23.070178,25.3789266,17:42.3
884,1,113.337497,23.069971,25.25605505,17:43.3
885,1,113.337579,23.069764,25.15141308,17:44.3
886,1,113.337662,23.069557,25.27813464,17:45.3
887,1,113.337746,23.069347,25.4777043,17:46.3
888,1,113.337827,23.069144,24.80261996,17:47.3
889,1,113.337905,23.068948,23.89965933,17:48.3
890,1,113.337966,23.068753,23.30594561,17:49.3
891,1,113.337973,23.06855,22.77314964,17:50.3
892,1,113.337979,23.068352,22.00001391,17:51.3
893,1,113.337933,23.06817,21.35359931,17:52.3
894,1,113.337805,23.068034,20.57656118,17:53.3
895,1,113.337641,23.067949,20.04287472,17:54.3
896,1,113.337453,23.067939,19.43458044,17:55.3
897,1,113.337283,23.067981,18.65918981,17:56.3
898,1,113.337149,23.068075,17.92430299,17:57.3
899,1,113.337056,23.068198,17.372912,17:58.3
900,1,113.337013,23.068338,16.69809637,17:59.3
901,1,113.337016,23.068483,16.17907095,18:00.3
902,1,113.337082,23.068606,15.43594239,18:01.3
903,1,113.337166,23.068708,14.61171312,18:02.3
904,1,113.337274,23.068781,13.87895921,18:03.3
905,1,113.337385,23.068833,13.04186955,18:04.3
906,1,113.337492,23.068872,12.13203354,18:05.3
907,1,113.337596,23.068902,11.39747097,18:06.3
908,1,113.337693,23.06893,10.68669131,18:07.3
909,1,113.337786,23.068957,10.14119201,18:08.3
910,1,113.337873,23.068983,9.606100144,18:09.3
911,1,113.337957,23.069007,9.112277171,18:10.3
912,1,113.338039,23.069031,9.059608238,18:11.3
913,1,113.338121,23.069054,9.061346536,18:12.3
914,1,113.338201,23.069078,8.894854803,18:13.3
915,1,113.338281,23.069101,8.849237933,18:14.3
916,1,113.338361,23.069124,8.868930721,18:15.3
917,1,113.338443,23.069148,8.976781225,18:16.3
918,1,113.338525,23.069171,9.108266977,18:17.3
919,1,113.338607,23.069195,8.979023314,18:18.3
920,1,113.338689,23.069219,8.989782489,18:19.3
921,1,113.338769,23.069242,8.861851216,18:20.3
922,1,113.338852,23.069263,9.016827858,18:21.3
923,1,113.338934,23.069285,8.892686597,18:22.3
924,1,113.339011,23.069305,8.382857827,18:23.3
925,1,113.339084,23.069323,7.882904207,18:24.3
926,1,113.339152,23.069341,7.451217051,18:25.3
927,1,113.339217,23.069358,7.026969779,18:26.3
928,1,113.339277,23.069373,6.574615756,18:27.3
929,1,113.339332,23.069387,6.008867073,18:28.3
930,1,113.339392,23.069403,6.498585453,18:29.3
931,1,113.339446,23.069417,5.953383773,18:30.3
932,1,113.339504,23.069432,6.387855832,18:31.3
933,1,113.339557,23.069446,5.852434911,18:32.3
934,1,113.339614,23.069461,6.284309364,18:33.3
935,1,113.339672,23.069475,6.17332791,18:34.3
936,1,113.339728,23.06949,6.048037079,18:35.3
937,1,113.339787,23.069505,6.462490347,18:36.3
938,1,113.339847,23.069519,6.538349273,18:37.3
939,1,113.339907,23.069534,6.544510059,18:38.3
940,1,113.339968,23.06955,6.68034222,18:39.3
941,1,113.34003,23.069565,6.729878644,18:40.3
942,1,113.340093,23.069581,6.866661034,18:41.3
943,1,113.340157,23.0696,7.024612919,18:42.3
944,1,113.340222,23.069619,7.106623936,18:43.3
945,1,113.340287,23.069637,7.133063372,18:44.3
946,1,113.340352,23.069656,7.194023607,18:45.3
947,1,113.340418,23.069675,7.234649933,18:46.3
948,1,113.340484,23.069693,7.226261928,18:47.3
949,1,113.340552,23.069711,7.407719976,18:48.3
950,1,113.340619,23.069728,7.302632055,18:49.3
951,1,113.340686,23.069745,7.14704312,18:50.3
952,1,113.34075,23.069762,6.956987624,18:51.3
953,1,113.340807,23.06979,6.773231437,18:52.3
954,1,113.340864,23.069822,6.855512945,18:53.3
955,1,113.340922,23.069855,6.929373177,18:54.3
956,1,113.340981,23.069888,6.948232507,18:55.3
957,1,113.341037,23.06992,6.750285993,18:56.3
958,1,113.341094,23.069952,6.911571504,18:57.3
959,1,113.341153,23.069985,6.951073711,18:58.3
960,1,113.34121,23.07002,7.116282516,18:59.3
961,1,113.341266,23.070057,7.044971503,19:00.3
962,1,113.341321,23.070095,7.167596877,19:01.3
963,1,113.341377,23.070134,7.278565848,19:02.3
964,1,113.34143,23.07018,7.457407945,19:03.3
965,1,113.341482,23.070226,7.352029543,19:04.3
966,1,113.341535,23.070272,7.44752781,19:05.3
967,1,113.341586,23.070317,7.29343694,19:06.3
968,1,113.34164,23.070364,7.482729316,19:07.3
969,1,113.341694,23.070411,7.669874651,19:08.3
970,1,113.341749,23.070459,7.730462649,19:09.3
971,1,113.341809,23.070503,7.857947414,19:10.3
972,1,113.34187,23.070546,7.895258518,19:11.3
973,1,113.341932,23.07059,8.038377988,19:12.3
974,1,113.341999,23.070631,8.119141611,19:13.3
975,1,113.342065,23.07067,7.981825726,19:14.3
976,1,113.342135,23.070702,8.036773043,19:15.3
977,1,113.342203,23.070734,7.960776398,19:16.3
978,1,113.342273,23.070766,8.05769674,19:17.3
979,1,113.342342,23.070798,7.9104621,19:18.3
980,1,113.342415,23.070832,8.501309622,19:19.3
981,1,113.342492,23.070868,9.035065494,19:20.3
982,1,113.342575,23.070906,9.586942441,19:21.3
983,1,113.342661,23.070946,10.06706286,19:22.3
984,1,113.342752,23.070988,10.48165873,19:23.3
985,1,113.342848,23.071028,11.04972435,19:24.3
986,1,113.342951,23.071063,11.51269127,19:25.3
987,1,113.343059,23.071099,12.03669625,19:26.3
988,1,113.34317,23.071138,12.45127473,19:27.3
989,1,113.343285,23.071177,12.98148225,19:28.3
990,1,113.343406,23.071218,13.5221145,19:29.3
991,1,113.343531,23.07126,13.94835479,19:30.3
992,1,113.343661,23.071302,14.41064036,19:31.3
993,1,113.343795,23.071346,14.94521785,19:32.3
994,1,113.343933,23.071391,15.47267705,19:33.3
995,1,113.344076,23.071439,16.06097464,19:34.3
996,1,113.344222,23.071492,16.61644404,19:35.3
997,1,113.344373,23.071547,17.05625885,19:36.3
998,1,113.344528,23.071603,17.65361061,19:37.3
999,1,113.344688,23.071662,18.23275432,19:38.3
1000,1,113.344854,23.071722,18.77065452,19:39.3
1001,1,113.345025,23.071784,19.25754677,19:40.3
1002,1,113.345195,23.071846,19.2379025,19:41.3
1003,1,113.345366,23.071908,19.42011411,19:42.3
1004,1,113.345539,23.071971,19.55994137,19:43.3
1005,1,113.34571,23.072033,19.41123002,19:44.3
1006,1,113.34588,23.072095,19.30109517,19:45.3
1007,1,113.346049,23.072157,19.30256723,19:46.3
1008,1,113.34622,23.072219,19.45168562,19:47.3
1009,1,113.34639,23.072284,19.46728455,19:48.3
1010,1,113.346561,23.072351,19.58595598,19:49.3
1011,1,113.346734,23.072419,19.70477899,19:50.3
1012,1,113.346907,23.072488,19.76328665,19:51.3
1013,1,113.34708,23.072556,19.77861794,19:52.3
1014,1,113.347254,23.072625,19.97725773,19:53.3
1015,1,113.347427,23.072693,19.78889478,19:54.3
1016,1,113.3476,23.072761,19.76888525,19:55.3
1017,1,113.347771,23.072828,19.66889821,19:56.3
1018,1,113.347942,23.072896,19.4706899,19:57.3
1019,1,113.348111,23.072963,19.40387165,19:58.3
1020,1,113.348282,23.07303,19.58149646,19:59.3
1021,1,113.348452,23.073099,19.56507012,20:00.3
1022,1,113.348621,23.073171,19.58825915,20:01.3
1023,1,113.348791,23.073244,19.62918344,20:02.3
1024,1,113.348956,23.073314,19.14476463,20:03.3
1025,1,113.349117,23.073383,18.57847095,20:04.3
1026,1,113.349272,23.073449,18.04006344,20:05.3
1027,1,113.349424,23.073514,17.53450784,20:06.3
1028,1,113.34957,23.073576,16.94286254,20:07.3
1029,1,113.349712,23.073636,16.38781103,20:08.3
1030,1,113.34985,23.073695,15.9080183,20:09.3
1031,1,113.349983,23.073752,15.4767017,20:10.3
1032,1,113.350112,23.073807,14.93462313,20:11.3
1033,1,113.350237,23.07386,14.36838848,20:12.3
1034,1,113.350364,23.073914,14.79072989,20:13.3
1035,1,113.350496,23.07397,15.26707418,20:14.3
1036,1,113.350633,23.074028,15.80351365,20:15.3
1037,1,113.350774,23.074088,16.23325966,20:16.3
1038,1,113.350919,23.074149,16.70066211,20:17.3
1039,1,113.351069,23.074212,17.23277866,20:18.3
1040,1,113.351222,23.074277,17.73096419,20:19.3
1041,1,113.351381,23.074345,18.26591214,20:20.3
1042,1,113.351542,23.074414,18.67043777,20:21.3
1043,1,113.351707,23.074485,19.16023432,20:22.3
1044,1,113.351872,23.074556,18.99532129,20:23.3
1045,1,113.35204,23.074629,19.52159564,20:24.3
1046,1,113.35221,23.074702,19.57566629,20:25.3
1047,1,113.35238,23.074776,19.75269419,20:26.3
1048,1,113.35255,23.074849,19.75854415,20:27.3
1049,1,113.352721,23.074923,19.81915443,20:28.3
1050,1,113.35289,23.074996,19.72817987,20:29.3
1051,1,113.353061,23.07507,19.85157564,20:30.3
1052,1,113.353233,23.075144,19.95331095,20:31.3
1053,1,113.353403,23.075217,19.83446542,20:32.3
1054,1,113.353575,23.075292,19.8156492,20:33.3
1055,1,113.353746,23.075366,20.01079359,20:34.3
1056,1,113.35392,23.075441,20.13691527,20:35.3
1057,1,113.354095,23.075516,20.18411518,20:36.3
1058,1,113.354267,23.07559,20.02019398,20:37.3
1059,1,113.354439,23.075665,19.85188428,20:38.3
1060,1,113.354609,23.075738,19.8082661,20:39.3
1061,1,113.35478,23.075812,19.77972608,20:40.3
1062,1,113.354949,23.075885,19.60917576,20:41.3
1063,1,113.35512,23.075959,19.77020679,20:42.3
1064,1,113.355292,23.076033,19.92747859,20:43.3
1065,1,113.355464,23.076107,20.03121301,20:44.3
1066,1,113.355639,23.076183,20.1775776,20:45.3
1067,1,113.355813,23.076258,20.26262803,20:46.3
1068,1,113.35599,23.076334,20.39697393,20:47.3
1069,1,113.356165,23.07641,20.38793685,20:48.3
1070,1,113.35634,23.076486,20.41150033,20:49.3
1071,1,113.356517,23.076562,20.48972094,20:50.3
1072,1,113.356691,23.076637,20.35133891,20:51.3
1073,1,113.356868,23.076713,20.38919653,20:52.3
1074,1,113.357045,23.07679,20.56065384,20:53.3
1075,1,113.357222,23.076866,20.50275764,20:54.3
1076,1,113.357399,23.076943,20.38991153,20:55.3
1077,1,113.357572,23.077018,20.26215464,20:56.3
1078,1,113.357748,23.077093,20.18643402,20:57.3
1079,1,113.357921,23.077168,20.05222157,20:58.3
1080,1,113.358093,23.077242,19.99667373,20:59.3
1081,1,113.358265,23.077316,19.90495882,21:00.3
1082,1,113.358435,23.07739,19.80695096,21:01.3
1083,1,113.358607,23.077464,19.80516683,21:02.3
1084,1,113.358779,23.077538,19.95342914,21:03.3
1085,1,113.358951,23.077612,19.99474761,21:04.3
1086,1,113.359123,23.077686,19.93344946,21:05.3
1087,1,113.359295,23.07776,19.92504684,21:06.3
1088,1,113.359467,23.077834,19.9417326,21:07.3
1089,1,113.359638,23.077907,19.79049683,21:08.3
1090,1,113.35981,23.077981,19.94883883,21:09.3
1091,1,113.359982,23.078055,19.85677715,21:10.3
1092,1,113.360157,23.07812,19.86822398,21:11.3
1093,1,113.360334,23.07815,18.91817745,21:12.3
1094,1,113.360507,23.078179,18.37637005,21:13.3
1095,1,113.360664,23.078227,17.40164875,21:14.3
1096,1,113.360815,23.078274,16.89891751,21:15.3
1097,1,113.360962,23.07832,16.34045785,21:16.3
1098,1,113.3611,23.078334,15.4140296,21:17.3
1099,1,113.361229,23.078284,14.61471045,21:18.3
1100,1,113.361349,23.078235,13.7716989,21:19.3
1101,1,113.361457,23.078178,12.77499166,21:20.3
1102,1,113.361547,23.078109,11.89001131,21:21.3
1103,1,113.361621,23.078033,11.35779147,21:22.3
1104,1,113.361675,23.077953,10.59182389,21:23.3
1105,1,113.361717,23.077872,10.11743242,21:24.3
1106,1,113.361755,23.077795,9.575416473,21:25.3
1107,1,113.361792,23.077721,9.143596743,21:26.3
1108,1,113.361826,23.077651,8.689689882,21:27.3
1109,1,113.361859,23.077586,8.153610435,21:28.3
1110,1,113.361889,23.077524,7.631183426,21:29.3
1111,1,113.36192,23.077462,7.536001339,21:30.3
1112,1,113.36195,23.077402,7.468885763,21:31.3
1113,1,113.361981,23.07734,7.632847867,21:32.3
1114,1,113.36201,23.077279,7.465221839,21:33.3
1115,1,113.362032,23.077217,7.394092484,21:34.3
1116,1,113.362047,23.077154,7.19555379,21:35.3
1117,1,113.362059,23.077092,7.172083186,21:36.3
1118,1,113.362068,23.077028,7.19567781,21:37.3
1119,1,113.362077,23.076964,7.31471209,21:38.3
1120,1,113.362087,23.076898,7.454680928,21:39.3
1121,1,113.362092,23.076833,7.329328417,21:40.3
1122,1,113.362082,23.076768,7.41313711,21:41.3
1123,1,113.362073,23.076701,7.542482325,21:42.3
1124,1,113.362063,23.076633,7.727469592,21:43.3
1125,1,113.362048,23.076566,7.811606724,21:44.3
1126,1,113.362022,23.076499,7.945080195,21:45.3
1127,1,113.361997,23.076432,8.111992474,21:46.3
1128,1,113.36197,23.076362,8.289024571,21:47.3
1129,1,113.361943,23.076292,8.340689659,21:48.3
1130,1,113.361902,23.076229,8.337828049,21:49.3
1131,1,113.361855,23.076168,8.356619124,21:50.3
1132,1,113.361808,23.076108,8.187225461,21:51.3
1133,1,113.361762,23.076048,8.173407832,21:52.3
1134,1,113.361716,23.075989,8.101456172,21:53.3
1135,1,113.361671,23.07593,7.935541232,21:54.3
1136,1,113.361626,23.075872,7.947079524,21:55.3
1137,1,113.361582,23.075816,7.783773444,21:56.3
1138,1,113.361538,23.075759,7.772764994,21:57.3
1139,1,113.361494,23.075702,7.689067708,21:58.3
1140,1,113.361451,23.075646,7.636974021,21:59.3
1141,1,113.361407,23.075589,7.661305915,22:00.3
1142,1,113.361362,23.075532,7.82052132,22:01.3
1143,1,113.361318,23.075475,7.765934607,22:02.3
1144,1,113.361272,23.075415,8.269489832,22:03.3
1145,1,113.361222,23.075351,8.736825114,22:04.3
1146,1,113.36117,23.075284,9.170898623,22:05.3
1147,1,113.361115,23.075213,9.60225014,22:06.3
1148,1,113.361057,23.075139,10.19621251,22:07.3
1149,1,113.360997,23.075061,10.63456977,22:08.3
1150,1,113.360935,23.07498,11.10787563,22:09.3
1151,1,113.360877,23.074891,11.59068586,22:10.3
1152,1,113.360823,23.074807,10.9648321,22:11.3
1153,1,113.360768,23.074722,11.08684579,22:12.3
1154,1,113.360713,23.074637,11.10014094,22:13.3
1155,1,113.360655,23.074547,11.67544217,22:14.3
1156,1,113.360606,23.074449,12.20312532,22:15.3
1157,1,113.360558,23.074347,12.73609609,22:16.3
1158,1,113.36048,23.074254,13.23716987,22:17.3
1159,1,113.360399,23.074157,13.76391574,22:18.3
1160,1,113.360316,23.074058,14.16692182,22:19.3
1161,1,113.360231,23.073956,14.62840696,22:20.3
1162,1,113.360141,23.07385,15.17589664,22:21.3
1163,1,113.360052,23.073738,15.74152386,22:22.3
1164,1,113.359959,23.073622,16.18885906,22:23.3
1165,1,113.359864,23.073503,16.70341417,22:24.3
1166,1,113.359766,23.07338,17.28910765,22:25.3
1167,1,113.359665,23.073253,17.76919111,22:26.3
1168,1,113.359561,23.073122,18.33103742,22:27.3
1169,1,113.359453,23.072989,18.7383698,22:28.3
1170,1,113.359343,23.072853,19.18046671,22:29.3
1171,1,113.359232,23.072716,19.15690803,22:30.3
1172,1,113.359121,23.072581,19.13937079,22:31.3
1173,1,113.359011,23.072445,19.0968585,22:32.3
1174,1,113.358902,23.072311,18.96794649,22:33.3
1175,1,113.35879,23.072172,19.46990716,22:34.3
1176,1,113.358661,23.072014,22.39770683,22:35.3
1177,1,113.358517,23.071836,25.06156287,22:36.3
1178,1,113.358372,23.071633,27.34845698,22:37.3
1179,1,113.358231,23.071436,26.52655634,22:38.3
1180,1,113.358095,23.071237,26.47777097,22:39.3
1181,1,113.357971,23.071033,26.35914289,22:40.3
1182,1,113.357847,23.070828,26.28967135,22:41.3
1183,1,113.357722,23.070624,26.31335515,22:42.3
1184,1,113.357597,23.070418,26.43576113,22:43.3
1185,1,113.357474,23.070215,26.25187642,22:44.3
1186,1,113.357362,23.070008,26.26822874,22:45.3
1187,1,113.35725,23.069799,26.39739989,22:46.3
1188,1,113.357143,23.06959,26.29575013,22:47.3
1189,1,113.357048,23.069378,26.12816232,22:48.3
1190,1,113.356959,23.069164,26.11553339,22:49.3
1191,1,113.356873,23.068947,26.23065497,22:50.3
1192,1,113.356788,23.068731,26.38790331,22:51.3
1193,1,113.356703,23.068514,26.30957546,22:52.3
1194,1,113.356624,23.068297,26.31076037,22:53.3
1195,1,113.356557,23.068076,26.27508474,22:54.3
1196,1,113.356491,23.067856,26.18266674,22:55.3
1197,1,113.356425,23.067634,26.34868159,22:56.3
1198,1,113.356359,23.067411,26.4693018,22:57.3
1199,1,113.356303,23.067184,26.53300987,22:58.3
1200,1,113.356248,23.066958,26.39287476,22:59.3
1201,1,113.356205,23.066728,26.55895805,23:00.3
1202,1,113.356163,23.066497,26.62136619,23:01.3
1203,1,113.35612,23.066272,26.15411951,23:02.3
1204,1,113.356079,23.06605,25.75351894,23:03.3
1205,1,113.356054,23.065826,25.31332796,23:04.3
1206,1,113.356029,23.065606,24.78212449,23:05.3
1207,1,113.356011,23.065392,24.27320719,23:06.3
1208,1,113.355996,23.06518,23.77531034,23:07.3
1209,1,113.35598,23.064968,23.80577267,23:08.3
1210,1,113.355965,23.064756,23.77544415,23:09.3
1211,1,113.355949,23.064543,23.87282764,23:10.3
1212,1,113.355933,23.064329,24.01955385,23:11.3
1213,1,113.355917,23.064114,24.18488351,23:12.3
1214,1,113.355902,23.0639,24.06151033,23:13.3
1215,1,113.355886,23.063685,24.2318092,23:14.3
1216,1,113.35587,23.063469,24.25404482,23:15.3
1217,1,113.355854,23.063254,24.1418147,23:16.3
1218,1,113.355838,23.06304,24.14735948,23:17.3
1219,1,113.355823,23.062825,24.22435435,23:18.3
1220,1,113.355808,23.06261,24.29443707,23:19.3
1221,1,113.355794,23.062392,24.42651903,23:20.3
1222,1,113.355779,23.062175,24.36379118,23:21.3
1223,1,113.355765,23.06196,24.20631043,23:22.3
1224,1,113.35575,23.061743,24.31914263,23:23.3
1225,1,113.355736,23.061526,24.40764908,23:24.3
1226,1,113.355721,23.061309,24.49607194,23:25.3
1227,1,113.355707,23.06109,24.64921509,23:26.3
1228,1,113.355692,23.06087,24.66492126,23:27.3
1229,1,113.355677,23.060651,24.60773005,23:28.3
1230,1,113.355662,23.060432,24.65706038,23:29.3
1231,1,113.355648,23.060212,24.74815208,23:30.3
1232,1,113.355633,23.059993,24.64920599,23:31.3
1233,1,113.355618,23.059776,24.48265766,23:32.3
1234,1,113.355604,23.059557,24.61295506,23:33.3
1235,1,113.355598,23.059335,24.69905162,23:34.3
1236,1,113.355592,23.059115,24.5575844,23:35.3
1237,1,113.355593,23.058893,24.71041652,23:36.3
1238,1,113.355598,23.058672,24.57836002,23:37.3
1239,1,113.355604,23.058452,24.57964612,23:38.3
1240,1,113.355628,23.058233,24.75273076,23:39.3
1241,1,113.355656,23.058016,24.67766694,23:40.3
1242,1,113.355692,23.057803,24.54292345,23:41.3
1243,1,113.35575,23.057595,24.4214158,23:42.3
1244,1,113.355813,23.05739,24.26786254,23:43.3
1245,1,113.355875,23.057185,24.39781976,23:44.3
1246,1,113.355952,23.056987,24.23037895,23:45.3
1247,1,113.356048,23.056793,24.23354541,23:46.3
1248,1,113.356148,23.056601,24.21493895,23:47.3
1249,1,113.356261,23.056413,24.2078727,23:48.3
1250,1,113.356382,23.056226,24.37704843,23:49.3
1251,1,113.356515,23.056046,24.55980508,23:50.3
1252,1,113.356657,23.055872,24.61177481,23:51.3
1253,1,113.356806,23.055703,24.72778122,23:52.3
1254,1,113.356962,23.055538,24.76126347,23:53.3
1255,1,113.35713,23.055385,24.79530837,23:54.3
1256,1,113.357307,23.055239,24.92760738,23:55.3
1257,1,113.357494,23.055094,25.49054248,23:56.3
1258,1,113.357687,23.05495,25.90202361,23:57.3
1259,1,113.357885,23.054803,26.46821376,23:58.3
1260,1,113.358088,23.054655,27.00663326,23:59.3
1261,1,113.3583,23.054526,26.22739361,24:00.3
1262,1,113.358515,23.054395,26.66630668,24:01.3
1263,1,113.358736,23.054261,27.23617382,24:02.3
1264,1,113.35895,23.054131,26.436081,24:03.3
1265,1,113.359163,23.054001,26.34291742,24:04.3
1266,1,113.359377,23.053871,26.46142546,24:05.3
1267,1,113.359593,23.05374,26.63073053,24:06.3
1268,1,113.35981,23.053608,26.79419461,24:07.3
1269,1,113.360028,23.053475,26.9833556,24:08.3
1270,1,113.36025,23.05334,27.38608853,24:09.3
1271,1,113.360466,23.053209,26.6863905,24:10.3
1272,1,113.360686,23.053075,27.22956693,24:11.3
1273,1,113.360898,23.052946,26.27752457,24:12.3
1274,1,113.361114,23.052815,26.72906379,24:13.3
1275,1,113.361335,23.052681,27.1440964,24:14.3
1276,1,113.36155,23.05255,26.62394941,24:15.3
1277,1,113.361765,23.052417,26.72828392,24:16.3
1278,1,113.361978,23.052285,26.54496866,24:17.3
1279,1,113.362191,23.052154,26.43125575,24:18.3
1280,1,113.362404,23.052022,26.55350643,24:19.3
1281,1,113.362618,23.051889,26.71862092,24:20.3
1282,1,113.362834,23.051761,26.58515582,24:21.3
1283,1,113.36305,23.051631,26.69464387,24:22.3
1284,1,113.363266,23.051498,26.65674889,24:23.3
1285,1,113.363481,23.051364,26.72566178,24:24.3
1286,1,113.363695,23.051232,26.54807758,24:25.3
1287,1,113.363909,23.0511,26.58826317,24:26.3
1288,1,113.364122,23.050969,26.4334904,24:27.3
1289,1,113.364336,23.050836,26.538757,24:28.3
1290,1,113.36455,23.050704,26.56826149,24:29.3
1291,1,113.364764,23.050572,26.51511136,24:30.3
1292,1,113.36498,23.050439,26.66314718,24:31.3
1293,1,113.365194,23.050306,26.51297727,24:32.3
1294,1,113.36541,23.050173,26.68497773,24:33.3
1295,1,113.365624,23.050041,26.56782834,24:34.3
1296,1,113.365836,23.04991,26.40748586,24:35.3
1297,1,113.366049,23.049778,26.49861638,24:36.3
1298,1,113.366261,23.049647,26.30323354,24:37.3
1299,1,113.366474,23.049516,26.41265522,24:38.3
1300,1,113.366688,23.049384,26.53797408,24:39.3
1301,1,113.366897,23.049254,26.08429024,24:40.3
1302,1,113.367103,23.049127,25.64055907,24:41.3
1303,1,113.367307,23.049003,25.15685211,24:42.3
1304,1,113.367507,23.048883,24.56854545,24:43.3
1305,1,113.367692,23.048756,23.98764571,24:44.3
1306,1,113.367881,23.04864,23.47579546,24:45.3
1307,1,113.368069,23.048526,23.06867914,24:46.3
1308,1,113.368251,23.048415,22.55420987,24:47.3
1309,1,113.368428,23.048307,21.97294709,24:48.3
1310,1,113.368603,23.048202,21.54498,24:49.3
1311,1,113.368777,23.048096,21.53434724,24:50.3
1312,1,113.368951,23.04799,21.60045605,24:51.3
1313,1,113.369125,23.047884,21.60862389,24:52.3
1314,1,113.369299,23.047778,21.48703413,24:53.3
1315,1,113.369474,23.047672,21.6285386,24:54.3
1316,1,113.369649,23.047565,21.72226405,24:55.3
1317,1,113.369827,23.047457,21.90767697,24:56.3
1318,1,113.370004,23.047348,22.04798633,24:57.3
1319,1,113.370178,23.047236,21.92210699,24:58.3
1320,1,113.370354,23.047123,22.07781402,24:59.3
1321,1,113.370529,23.047009,22.23887003,25:00.3
1322,1,113.370705,23.046896,22.11426469,25:01.3
1323,1,113.370881,23.046782,22.28511873,25:02.3
1324,1,113.371058,23.046668,22.36655975,25:03.3
1325,1,113.371233,23.046551,22.2967368,25:04.3
1326,1,113.371402,23.04643,22.28846137,25:05.3
1327,1,113.371563,23.046302,22.09603175,25:06.3
1328,1,113.371723,23.046176,22.01609188,25:07.3
1329,1,113.371882,23.046047,22.15038931,25:08.3
1330,1,113.372034,23.04591,22.29130985,25:09.3
1331,1,113.372186,23.045774,22.16898992,25:10.3
1332,1,113.372328,23.045629,22.15952923,25:11.3
1333,1,113.372464,23.045478,22.31445592,25:12.3
1334,1,113.372599,23.045327,22.20481357,25:13.3
1335,1,113.372734,23.045177,22.13819976,25:14.3
1336,1,113.372867,23.045023,22.27041206,25:15.3
1337,1,113.372989,23.044862,22.13407064,25:16.3
1338,1,113.373105,23.044698,21.96519172,25:17.3
1339,1,113.373222,23.044534,22.09322915,25:18.3
1340,1,113.373327,23.044363,22.08713498,25:19.3
1341,1,113.37343,23.044189,22.20642273,25:20.3
1342,1,113.373529,23.044016,22.08049056,25:21.3
1343,1,113.373623,23.043839,22.25032893,25:22.3
1344,1,113.373703,23.04366,22.17503002,25:23.3
1345,1,113.373784,23.043481,22.12516543,25:24.3
1346,1,113.373856,23.043301,21.97507746,25:25.3
1347,1,113.373928,23.04312,22.09406973,25:26.3
1348,1,113.373995,23.042938,22.00290258,25:27.3
1349,1,113.374051,23.042752,22.11306992,25:28.3
1350,1,113.374106,23.042567,22.02188994,25:29.3
1351,1,113.374158,23.042379,22.13275292,25:30.3
1352,1,113.374198,23.042188,22.05736604,25:31.3
1353,1,113.374238,23.041998,22.0336684,25:32.3
1354,1,113.374278,23.041809,21.84013765,25:33.3
1355,1,113.374304,23.04162,21.7058845,25:34.3
1356,1,113.374317,23.041428,21.55498379,25:35.3
1357,1,113.374329,23.041236,21.50941008,25:36.3
1358,1,113.37434,23.041045,21.45678021,25:37.3
1359,1,113.374352,23.040855,21.46051573,25:38.3
1360,1,113.374353,23.040662,21.63902964,25:39.3
1361,1,113.374343,23.040468,21.81808187,25:40.3
1362,1,113.374332,23.040271,21.97249817,25:41.3
1363,1,113.374322,23.040076,21.95364204,25:42.3
1364,1,113.374312,23.03988,21.93007764,25:43.3
1365,1,113.374298,23.039685,22.00665203,25:44.3
1366,1,113.374276,23.03949,22.20150651,25:45.3
1367,1,113.374254,23.039295,22.16274498,25:46.3
1368,1,113.374232,23.0391,22.22166485,25:47.3
1369,1,113.37421,23.038905,22.12604043,25:48.3
1370,1,113.374188,23.03871,22.09818261,25:49.3
1371,1,113.374167,23.038516,22.04764525,25:50.3
1372,1,113.374145,23.038321,22.18665994,25:51.3
1373,1,113.374123,23.038128,21.99080764,25:52.3
1374,1,113.374101,23.037935,21.91385382,25:53.3
1375,1,113.37408,23.037741,22.02013999,25:54.3
1376,1,113.374058,23.037548,21.83759798,25:55.3
1377,1,113.374036,23.037355,21.98497118,25:56.3
1378,1,113.374014,23.037161,22.18296019,25:57.3
1379,1,113.373992,23.036966,22.20212511,25:58.3
1380,1,113.37397,23.036769,22.28156643,25:59.3
1381,1,113.373948,23.036574,22.21053096,26:00.3
1382,1,113.373927,23.036379,22.13151848,26:01.3
1383,1,113.373905,23.036184,22.11573396,26:02.3
1384,1,113.373883,23.035991,22.01986669,26:03.3
1385,1,113.373861,23.035797,22.11410328,26:04.3
1386,1,113.373839,23.035602,22.31300812,26:05.3
1387,1,113.373817,23.035407,22.16061994,26:06.3
1388,1,113.373795,23.03521,22.33341628,26:07.3
1389,1,113.373773,23.035013,22.37577604,26:08.3
1390,1,113.373751,23.034815,22.49637808,26:09.3
1391,1,113.373729,23.034618,22.45371874,26:10.3
1392,1,113.373707,23.034421,22.39363585,26:11.3
1393,1,113.373684,23.034224,22.48084834,26:12.3
1394,1,113.373662,23.034025,22.64185308,26:13.3
1395,1,113.37364,23.033827,22.49825135,26:14.3
1396,1,113.373618,23.033631,22.31897936,26:15.3
1397,1,113.373596,23.033435,22.32027155,26:16.3
1398,1,113.373574,23.033239,22.25466568,26:17.3
1399,1,113.373552,23.033044,22.22549548,26:18.3
1400,1,113.37353,23.032849,22.13633081,26:19.3
1401,1,113.373508,23.032654,22.15344084,26:20.3
1402,1,113.373486,23.032459,22.14452688,26:21.3
1403,1,113.373464,23.032264,22.22424914,26:22.3
1404,1,113.373442,23.032067,22.37381059,26:23.3
1405,1,113.37342,23.03187,22.28216914,26:24.3
1406,1,113.373397,23.03167,22.68373279,26:25.3
1407,1,113.373374,23.031467,23.27297048,26:26.3
1408,1,113.37335,23.031259,23.73066414,26:27.3
1409,1,113.373325,23.031044,24.25297668,26:28.3
1410,1,113.3733,23.030827,24.68715218,26:29.3
1411,1,113.373274,23.030605,25.19258806,26:30.3
1412,1,113.373248,23.030379,25.70127104,26:31.3
1413,1,113.373222,23.030152,25.81754327,26:32.3
1414,1,113.373196,23.029928,25.73592839,26:33.3
1415,1,113.373171,23.029702,25.66623154,26:34.3
1416,1,113.373147,23.029478,25.46819206,26:35.3
1417,1,113.373122,23.029256,25.31505931,26:36.3
1418,1,113.373098,23.029035,25.12096211,26:37.3
1419,1,113.373078,23.028813,25.07613659,26:38.3
1420,1,113.373061,23.028589,25.19850571,26:39.3
1421,1,113.373045,23.028365,25.21242827,26:40.3
1422,1,113.373028,23.02814,25.2429616,26:41.3
1423,1,113.373011,23.027916,25.23736683,26:42.3
1424,1,113.373,23.027691,25.28715122,26:43.3
1425,1,113.372993,23.027464,25.2709496,26:44.3
1426,1,113.372987,23.027239,25.10755453,26:45.3
1427,1,113.37298,23.027014,25.13419301,26:46.3
1428,1,113.372993,23.026788,25.26714987,26:47.3
1429,1,113.373007,23.026564,25.17110262,26:48.3
1430,1,113.373021,23.02634,25.16037479,26:49.3
1431,1,113.37305,23.026118,25.29593284,26:50.3
1432,1,113.373084,23.025895,25.43052703,26:51.3
1433,1,113.373117,23.025673,25.47749358,26:52.3
1434,1,113.373162,23.025455,25.31634934,26:53.3
1435,1,113.373206,23.025236,25.39362272,26:54.3
1436,1,113.373256,23.025018,25.47221118,26:55.3
1437,1,113.373314,23.024802,25.41199512,26:56.3
1438,1,113.373378,23.024589,25.29341773,26:57.3
1439,1,113.373451,23.024381,25.15448828,26:58.3
1440,1,113.373525,23.024171,25.34139116,26:59.3
1441,1,113.373603,23.023964,25.16080041,27:00.3
1442,1,113.373688,23.023758,25.11503938,27:01.3
1443,1,113.373774,23.023552,25.17576373,27:02.3
1444,1,113.373867,23.023348,25.31006707,27:03.3
1445,1,113.373963,23.023144,25.40085089,27:04.3
1446,1,113.374072,23.022942,25.35146926,27:05.3
1447,1,113.374179,23.022744,25.15543348,27:06.3
1448,1,113.374286,23.022545,25.04272089,27:07.3
1449,1,113.374395,23.022348,25.04894261,27:08.3
1450,1,113.374508,23.022152,25.0913181,27:09.3
1451,1,113.374622,23.021954,25.24308585,27:10.3
1452,1,113.374735,23.021757,25.20617478,27:11.3
1453,1,113.374847,23.021562,24.80368102,27:12.3
1454,1,113.374957,23.021371,24.354161,27:13.3
1455,1,113.375066,23.021185,23.94645109,27:14.3
1456,1,113.375175,23.021003,23.3473878,27:15.3
1457,1,113.375281,23.020824,22.90118681,27:16.3
1458,1,113.375385,23.02065,22.46130533,27:17.3
1459,1,113.375487,23.020479,21.98149769,27:18.3
1460,1,113.375587,23.020311,21.56508016,27:19.3
1461,1,113.375684,23.020147,21.02115983,27:20.3
1462,1,113.375781,23.019985,20.89085199,27:21.3
1463,1,113.375877,23.019824,20.69217714,27:22.3
1464,1,113.375973,23.019663,20.76148294,27:23.3
1465,1,113.37607,23.0195,20.9450851,27:24.3
1466,1,113.376167,23.019336,21.05160396,27:25.3
1467,1,113.376265,23.019172,20.99537128,27:26.3
1468,1,113.376365,23.019005,21.50832055,27:27.3
1469,1,113.376467,23.018833,22.00028879,27:28.3
1470,1,113.37657,23.018657,22.53462887,27:29.3
1471,1,113.376676,23.018476,23.11397137,27:30.3
1472,1,113.376785,23.018291,23.6837531,27:31.3
1473,1,113.376896,23.018101,24.13958836,27:32.3
1474,1,113.377009,23.017908,24.61390008,27:33.3
1475,1,113.377116,23.017714,24.61392648,27:34.3
1476,1,113.377219,23.01752,24.4575478,27:35.3
1477,1,113.377322,23.017327,24.4516509,27:36.3
1478,1,113.377426,23.017131,24.60409899,27:37.3
1479,1,113.377529,23.016936,24.56812445,27:38.3
1480,1,113.37763,23.016741,24.62109441,27:39.3
1481,1,113.37773,23.016544,24.74654312,27:40.3
1482,1,113.377831,23.016346,24.85714326,27:41.3
1483,1,113.377932,23.016148,24.72840794,27:42.3
1484,1,113.378032,23.015951,24.75040419,27:43.3
1485,1,113.378129,23.015751,24.92602063,27:44.3
1486,1,113.378223,23.015548,25.07453576,27:45.3
1487,1,113.378316,23.015345,25.13160878,27:46.3
1488,1,113.37841,23.01514,25.22141307,27:47.3
1489,1,113.378504,23.014935,25.40992707,27:48.3
1490,1,113.378594,23.014729,25.36041521,27:49.3
1491,1,113.378681,23.014521,25.48495185,27:50.3
1492,1,113.378768,23.014312,25.65575494,27:51.3
1493,1,113.378852,23.014104,25.46932298,27:52.3
1494,1,113.378936,23.013896,25.2938733,27:53.3
1495,1,113.37902,23.013687,25.34461712,27:54.3
1496,1,113.379103,23.01348,25.43873046,27:55.3
1497,1,113.379186,23.013272,25.32894866,27:56.3
1498,1,113.379266,23.013062,25.5216924,27:57.3
1499,1,113.379344,23.01285,25.60147294,27:58.3
1500,1,113.379421,23.012639,25.46490353,27:59.3
1501,1,113.379494,23.012429,25.35107968,28:00.3
1502,1,113.379567,23.012218,25.3529295,28:01.3
1503,1,113.379639,23.012007,25.23014292,28:02.3
1504,1,113.379712,23.011795,25.42945927,28:03.3
1505,1,113.379784,23.011584,25.35991389,28:04.3
1506,1,113.379856,23.011375,25.20800932,28:05.3
1507,1,113.37992,23.011158,25.752325,28:06.3
1508,1,113.379985,23.010935,26.32658682,28:07.3
1509,1,113.38005,23.010709,26.74702591,28:08.3
1510,1,113.380116,23.01048,27.24247727,28:09.3
1511,1,113.380181,23.010255,26.72926801,28:10.3
1512,1,113.380248,23.010026,27.21243734,28:11.3
1513,1,113.380312,23.009803,26.44187807,28:12.3
1514,1,113.380378,23.009575,26.93888909,28:13.3
1515,1,113.380445,23.009344,27.34795541,28:14.3
1516,1,113.380506,23.009119,26.52035787,28:15.3
1517,1,113.38056,23.008894,26.35995569,28:16.3
1518,1,113.380615,23.008668,26.44596528,28:17.3
1519,1,113.380669,23.008441,26.64293423,28:18.3
1520,1,113.38073,23.008215,26.7120016,28:19.3
1521,1,113.380792,23.007987,26.7417688,28:20.3
1522,1,113.380853,23.007762,26.69038741,28:21.3
1523,1,113.380915,23.007537,26.66280325,28:22.3
1524,1,113.380976,23.007311,26.6509245,28:23.3
1525,1,113.381038,23.007084,26.84716668,28:24.3
1526,1,113.3811,23.006856,26.89337256,28:25.3
1527,1,113.381162,23.006629,26.74887708,28:26.3
1528,1,113.381223,23.006404,26.60547874,28:27.3
1529,1,113.381285,23.006179,26.74146799,28:28.3
1530,1,113.381347,23.005953,26.79182982,28:29.3
1531,1,113.381408,23.005726,26.74104035,28:30.3
1532,1,113.381471,23.005498,26.79242201,28:31.3
1533,1,113.381532,23.005271,26.73761749,28:32.3
1534,1,113.381594,23.005044,26.88325236,28:33.3
1535,1,113.381656,23.004816,26.87669036,28:34.3
1536,1,113.381719,23.004588,26.96862737,28:35.3
1537,1,113.381781,23.004359,26.95465217,28:36.3
1538,1,113.38184,23.00413,26.78400413,28:37.3
1539,1,113.381896,23.003901,26.82873746,28:38.3
1540,1,113.381952,23.003672,26.80739546,28:39.3
1541,1,113.382007,23.003444,26.80051864,28:40.3
1542,1,113.382056,23.003214,26.78756065,28:41.3
1543,1,113.382105,23.002984,26.69411974,28:42.3
1544,1,113.382154,23.002754,26.86398939,28:43.3
1545,1,113.382203,23.002524,26.82738187,28:44.3
1546,1,113.382251,23.002291,26.99791408,28:45.3
1547,1,113.382295,23.002058,27.005745,28:46.3
1548,1,113.382335,23.001832,26.02130049,28:47.3
1549,1,113.382375,23.001607,26.10669343,28:48.3
1550,1,113.382414,23.001381,26.05720096,28:49.3
1551,1,113.382455,23.001154,26.13359388,28:50.3
1552,1,113.382495,23.000929,25.95961135,28:51.3
1553,1,113.382534,23.000703,26.09112904,28:52.3
1554,1,113.382566,23.000477,25.98645757,28:53.3
1555,1,113.382596,23.00025,25.98309682,28:54.3
1556,1,113.382627,23.000022,26.14000067,28:55.3
1557,1,113.38265,22.999793,25.94543949,28:56.3
1558,1,113.382672,22.999566,25.78797835,28:57.3
1559,1,113.382694,22.999339,25.71436187,28:58.3
1560,1,113.382715,22.999112,25.58337884,28:59.3
1561,1,113.382736,22.998885,25.60018563,29:00.3
1562,1,113.382757,22.998659,25.57470415,29:01.3
1563,1,113.382778,22.998432,25.60976015,29:02.3
1564,1,113.382799,22.998205,25.77323965,29:03.3
1565,1,113.38282,22.997978,25.66399782,29:04.3
1566,1,113.38284,22.997752,25.51194637,29:05.3
1567,1,113.382861,22.997525,25.6345738,29:06.3
1568,1,113.382882,22.997298,25.62891691,29:07.3
1569,1,113.382903,22.997071,25.76834166,29:08.3
1570,1,113.382923,22.996843,25.83023786,29:09.3
1571,1,113.382943,22.996614,25.84790404,29:10.3
1572,1,113.382963,22.996384,26.01273494,29:11.3
1573,1,113.382983,22.996155,25.90381836,29:12.3
1574,1,113.383003,22.995927,25.71559934,29:13.3
1575,1,113.383023,22.995701,25.52708085,29:14.3
1576,1,113.383043,22.995474,25.64761567,29:15.3
1577,1,113.383062,22.995248,25.48604925,29:16.3
1578,1,113.383082,22.995024,25.36330054,29:17.3
1579,1,113.383101,22.9948,25.31107921,29:18.3
1580,1,113.383121,22.994577,25.18781132,29:19.3
1581,1,113.38314,22.994355,25.1747584,29:20.3
1582,1,113.38316,22.994131,25.24475335,29:21.3
1583,1,113.383179,22.993907,25.35524499,29:22.3
1584,1,113.383199,22.993685,25.20607595,29:23.3
1585,1,113.383218,22.993462,25.27944635,29:24.3
1586,1,113.383237,22.993238,25.16967588,29:25.3
1587,1,113.383257,22.993014,25.33849999,29:26.3
1588,1,113.383276,22.99279,25.3780123,29:27.3
1589,1,113.383296,22.992564,25.397092,29:28.3
1590,1,113.383317,22.992341,25.25370195,29:29.3
1591,1,113.383337,22.992117,25.31179581,29:30.3
1592,1,113.383358,22.991893,25.29968747,29:31.3
1593,1,113.383378,22.99167,25.11410498,29:32.3
1594,1,113.383399,22.991448,25.11832676,29:33.3
1595,1,113.383419,22.991228,24.92626501,29:34.3
1596,1,113.383439,22.991008,24.90177156,29:35.3
1597,1,113.38346,22.99079,24.81667182,29:36.3
1598,1,113.383486,22.990576,24.62572539,29:37.3
1599,1,113.383512,22.99037,23.89336188,29:38.3
1600,1,113.383537,22.990169,23.32096142,29:39.3
1601,1,113.383561,22.989973,22.56679349,29:40.3
1602,1,113.383549,22.989791,21.74814353,29:41.3
1603,1,113.383505,22.989614,21.03756465,29:42.3
1604,1,113.383499,22.98943,20.49015651,29:43.3
1605,1,113.383478,22.989257,19.86284255,29:44.3
1606,1,113.383441,22.989092,18.91837337,29:45.3
1607,1,113.383363,22.988949,18.08499728,29:46.3
1608,1,113.383265,22.988829,17.08720205,29:47.3
1609,1,113.383138,22.988745,16.34693523,29:48.3
1610,1,113.383002,22.988694,15.4110475,29:49.3
1611,1,113.382864,22.988669,14.78759159,29:50.3
1612,1,113.382729,22.988678,14.20100999,29:51.3
1613,1,113.382609,22.988711,13.25266233,29:52.3
1614,1,113.3825,22.988759,12.66040094,29:53.3
1615,1,113.382413,22.988828,11.94259908,29:54.3
1616,1,113.382334,22.9889,11.42828332,29:55.3
1617,1,113.382268,22.988972,10.69616297,29:56.3
1618,1,113.382206,22.989042,10.16420468,29:57.3
1619,1,113.38215,22.989107,9.215651228,29:58.3
1620,1,113.382126,22.989178,8.674020966,29:59.3
1621,1,113.382119,22.989251,8.097215105,30:00.3
1622,1,113.382113,22.989325,8.245879813,30:01.3
1623,1,113.382106,22.989399,8.352877071,30:02.3
1624,1,113.3821,22.989467,7.525546205,30:03.3
1625,1,113.382094,22.989535,7.526707153,30:04.3
1626,1,113.382088,22.9896,7.342289554,30:05.3
1627,1,113.382082,22.989665,7.375061567,30:06.3
1628,1,113.382076,22.989729,7.279527154,30:07.3
1629,1,113.382071,22.989794,7.203984209,30:08.3
1630,1,113.382063,22.989856,7.016289189,30:09.3
1631,1,113.382054,22.989918,7.105784228,30:10.3
1632,1,113.382044,22.989981,7.12672148,30:11.3
1633,1,113.382026,22.990044,7.308392388,30:12.3
1634,1,113.382008,22.990106,7.264813226,30:13.3
1635,1,113.38199,22.990167,7.22735336,30:14.3
1636,1,113.381972,22.990228,7.107220867,30:15.3
1637,1,113.381955,22.990287,7.056164654,30:16.3
1638,1,113.381937,22.990348,7.043538348,30:17.3
1639,1,113.381919,22.990409,7.130729743,30:18.3
1640,1,113.381907,22.99047,7.077758639,30:19.3
1641,1,113.381896,22.990531,6.884290172,30:20.3
1642,1,113.381884,22.990596,7.412148202,30:21.3
1643,1,113.381873,22.990665,7.859737174,30:22.3
1644,1,113.381862,22.990738,8.352626556,30:23.3
1645,1,113.381852,22.990805,7.461586586,30:24.3
1646,1,113.381842,22.990875,7.955262638,30:25.3
1647,1,113.381832,22.990946,8.029792518,30:26.3
1648,1,113.381822,22.991016,8.000117185,30:27.3
1649,1,113.381811,22.991088,8.16796562,30:28.3
1650,1,113.381799,22.991161,8.311439543,30:29.3
1651,1,113.381786,22.991238,8.849510443,30:30.3
1652,1,113.381772,22.991321,9.399004868,30:31.3
1653,1,113.381758,22.991405,9.568544909,30:32.3
1654,1,113.381744,22.991491,9.764805609,30:33.3
1655,1,113.381734,22.991577,9.679744617,30:34.3
1656,1,113.381727,22.991663,9.638279551,30:35.3
1657,1,113.38175,22.991747,9.808499321,30:36.3
1658,1,113.381781,22.991829,9.791043901,30:37.3
1659,1,113.381876,22.99184,9.93705475,30:38.3
1660,1,113.381971,22.99185,9.910418882,30:39.3
1661,1,113.382066,22.99186,9.856619751,30:40.3
1662,1,113.382161,22.991871,9.950746569,30:41.3
1663,1,113.382258,22.991881,10.13155279,30:42.3
1664,1,113.382355,22.991892,10.10204048,30:43.3
1665,1,113.382454,22.991903,10.27619827,30:44.3
1666,1,113.382551,22.991914,10.24981675,30:45.3
1667,1,113.382647,22.991924,10.10715012,30:46.3
1668,1,113.382744,22.991934,10.12133127,30:47.3
1669,1,113.382839,22.991945,9.971802868,30:48.3
1670,1,113.382936,22.991955,10.09451049,30:49.3
1671,1,113.383033,22.991966,10.04039703,30:50.3
1672,1,113.38313,22.991976,10.18277927,30:51.3
1673,1,113.383227,22.991987,10.05974766,30:52.3
1674,1,113.383322,22.991997,9.883106145,30:53.3
1675,1,113.383417,22.992007,9.861950224,30:54.3
1676,1,113.383512,22.992017,9.851127962,30:55.3
1677,1,113.383601,22.992027,9.370339757,30:56.3
1678,1,113.383687,22.992036,8.865871131,30:57.3
1679,1,113.383776,22.992047,9.350924968,30:58.3
1680,1,113.383861,22.992057,8.786186012,30:59.3
1681,1,113.38395,22.992068,9.218439945,31:00.3
1682,1,113.384033,22.992079,8.678844523,31:01.3
1683,1,113.38412,22.99209,9.208349785,31:02.3
1684,1,113.384203,22.9921,8.778127376,31:03.3
1685,1,113.384291,22.992111,9.253090792,31:04.3
1686,1,113.384378,22.992122,9.126297433,31:05.3
1687,1,113.384463,22.992133,8.987800346,31:06.3
1688,1,113.38455,22.992143,9.166835592,31:07.3
1689,1,113.384637,22.992154,9.220269424,31:08.3
1690,1,113.384724,22.992165,9.052971435,31:09.3
1691,1,113.384811,22.992176,9.232324939,31:10.3
1692,1,113.384898,22.992187,9.078513597,31:11.3
1693,1,113.384985,22.992198,9.041520509,31:12.3
1694,1,113.385069,22.992208,8.851507122,31:13.3
1695,1,113.385158,22.99222,9.439235371,31:14.3
1696,1,113.385249,22.992231,9.537432226,31:15.3
1697,1,113.38534,22.992242,9.560735324,31:16.3
1698,1,113.385431,22.992254,9.564263243,31:17.3
1699,1,113.385525,22.992266,9.734813832,31:18.3
1700,1,113.385616,22.992277,9.621755092,31:19.3
1701,1,113.385709,22.992289,9.754724644,31:20.3
1702,1,113.385802,22.9923,9.644831347,31:21.3
1703,1,113.385893,22.992312,9.491800601,31:22.3
1704,1,113.385986,22.992323,9.652137394,31:23.3
1705,1,113.386079,22.992335,9.831829049,31:24.3
1706,1,113.386172,22.992346,9.778626349,31:25.3
1707,1,113.386265,22.992358,9.75218627,31:26.3
1708,1,113.386358,22.99237,9.723986789,31:27.3
1709,1,113.386452,22.992382,9.76699701,31:28.3
1710,1,113.386549,22.992394,10.18964918,31:29.3
1711,1,113.38665,22.992406,10.66202868,31:30.3
1712,1,113.386756,22.99242,11.13573714,31:31.3
1713,1,113.386867,22.992433,11.58366088,31:32.3
1714,1,113.386981,22.992448,12.03524214,31:33.3
1715,1,113.387101,22.992463,12.50120913,31:34.3
1716,1,113.387223,22.992478,12.90452761,31:35.3
1717,1,113.387349,22.992494,13.30850999,31:36.3
1718,1,113.38748,22.99251,13.81189164,31:37.3
1719,1,113.387612,22.992527,13.81142668,31:38.3
1720,1,113.387741,22.992543,13.67044771,31:39.3
1721,1,113.387871,22.992559,13.64889961,31:40.3
1722,1,113.388003,22.992575,13.8110125,31:41.3
1723,1,113.388134,22.992592,13.87636773,31:42.3
1724,1,113.388266,22.992608,13.81520218,31:43.3
1725,1,113.388396,22.992625,13.61760144,31:44.3
1726,1,113.388523,22.992641,13.42209056,31:45.3
1727,1,113.388651,22.992657,13.4837068,31:46.3
1728,1,113.38878,22.992675,13.57787681,31:47.3
1729,1,113.388908,22.992696,13.66781251,31:48.3
1730,1,113.389036,22.992714,13.56151429,31:49.3
1731,1,113.389162,22.992733,13.46662349,31:50.3
1732,1,113.389288,22.992751,13.3142633,31:51.3
1733,1,113.389413,22.992769,13.23978878,31:52.3
1734,1,113.389539,22.992787,13.37981921,31:53.3
1735,1,113.389667,22.992805,13.54160273,31:54.3
1736,1,113.389794,22.992824,13.37670821,31:55.3
1737,1,113.38992,22.992842,13.35052523,31:56.3
1738,1,113.390046,22.99286,13.4344856,31:57.3
1739,1,113.390173,22.992879,13.50888666,31:58.3
1740,1,113.390301,22.992897,13.51195058,31:59.3
1741,1,113.390429,22.992915,13.59224347,32:00.3
1742,1,113.390558,22.992932,13.68139278,32:01.3
1743,1,113.390687,22.992949,13.7099049,32:02.3
1744,1,113.390815,22.992966,13.56572919,32:03.3
1745,1,113.390944,22.992983,13.68190268,32:04.3
1746,1,113.391037,22.9929,13.76285335,32:05.3
1747,1,113.391155,22.992851,13.86968148,32:06.3
1748,1,113.39128,22.992816,13.74627412,32:07.3
1749,1,113.39141,22.992817,13.72801332,32:08.3
1750,1,113.391539,22.992838,13.78438768,32:09.3
1751,1,113.391665,22.992876,13.97524868,32:10.3
1752,1,113.391806,22.992947,16.73658493,32:11.3
1753,1,113.391897,22.993092,19.29033738,32:12.3
1754,1,113.391931,22.993288,22.53761595,32:13.3
1755,1,113.391916,22.99348,21.61279163,32:14.3
1756,1,113.391824,22.993638,20.80882659,32:15.3
1757,1,113.391683,22.993756,20.1064534,32:16.3
1758,1,113.391531,22.993836,19.20025467,32:17.3
1759,1,113.391438,22.993975,18.20872069,32:18.3
1760,1,113.391352,22.994108,17.43961504,32:19.3
1761,1,113.391292,22.994242,16.4793841,32:20.3
1762,1,113.391253,22.99438,16.30236446,32:21.3
1763,1,113.391224,22.994522,16.32040872,32:22.3
1764,1,113.391224,22.994664,16.14613507,32:23.3
1765,1,113.39124,22.994809,16.33577197,32:24.3
1766,1,113.391256,22.994955,16.43237741,32:25.3
1767,1,113.391282,22.995097,16.31382755,32:26.3
1768,1,113.391311,22.995238,16.34561416,32:27.3
1769,1,113.39134,22.995378,16.21908013,32:28.3
1770,1,113.391368,22.995517,16.18580598,32:29.3
1771,1,113.391397,22.995657,16.31758895,32:30.3
1772,1,113.391425,22.995797,16.24710772,32:31.3
1773,1,113.391454,22.995937,16.31932409,32:32.3
1774,1,113.391483,22.99608,16.49207135,32:33.3
1775,1,113.391512,22.996222,16.55148629,32:34.3
1776,1,113.391543,22.996365,16.65592304,32:35.3
1777,1,113.391576,22.996507,16.49900929,32:36.3
1778,1,113.39161,22.996648,16.44019749,32:37.3
1779,1,113.391643,22.99679,16.51248679,32:38.3
1780,1,113.391676,22.99693,16.49685553,32:39.3
1781,1,113.391706,22.997074,16.63488182,32:40.3
1782,1,113.391734,22.997216,16.43702768,32:41.3
1783,1,113.391763,22.997358,16.38995499,32:42.3
1784,1,113.391791,22.997498,16.29625265,32:43.3
1785,1,113.39182,22.997638,16.297327,32:44.3
1786,1,113.391848,22.99778,16.47849019,32:45.3
1787,1,113.391879,22.997922,16.46060609,32:46.3
1788,1,113.391912,22.998062,16.3489705,32:47.3
1789,1,113.391944,22.998203,16.44015755,32:48.3
1790,1,113.391977,22.998345,16.58586282,32:49.3
1791,1,113.392008,22.998487,16.4745349,32:50.3
1792,1,113.392027,22.998631,16.4266286,32:51.3
1793,1,113.392045,22.998774,16.28868117,32:52.3
1794,1,113.392064,22.998918,16.4506629,32:53.3
1795,1,113.392075,22.999065,16.61732676,32:54.3
1796,1,113.392068,22.999214,16.71841252,32:55.3
1797,1,113.392047,22.999355,16.15846226,32:56.3
1798,1,113.392026,22.999496,16.11684849,32:57.3
1799,1,113.392091,22.999616,16.0120161,32:58.3
1800,1,113.392182,22.999731,16.03559469,32:59.3
1801,1,113.392247,22.999859,16.22511348,33:00.3
1802,1,113.392305,22.999991,16.10400292,33:01.3
1803,1,113.392349,23.000126,15.92769665,33:02.3
1804,1,113.392387,23.000264,16.39183311,33:03.3
1805,1,113.392427,23.000407,16.81477402,33:04.3
1806,1,113.392467,23.000554,17.27127109,33:05.3
1807,1,113.392508,23.000703,17.6799919,33:06.3
1808,1,113.39255,23.000857,18.1501658,33:07.3
1809,1,113.39259,23.001015,18.59743851,33:08.3
1810,1,113.392631,23.001178,19.06507326,33:09.3
1811,1,113.392676,23.001344,19.61624788,33:10.3
1812,1,113.392719,23.001505,18.96102565,33:11.3
1813,1,113.392762,23.001664,18.76337179,33:12.3
1814,1,113.392806,23.001825,18.89718986,33:13.3
1815,1,113.392849,23.001984,18.76161718,33:14.3
1816,1,113.392892,23.002144,18.86885046,33:15.3
1817,1,113.392935,23.002305,18.98695744,33:16.3
1818,1,113.392977,23.002466,19.02022998,33:17.3
1819,1,113.393017,23.00263,19.03558696,33:18.3
1820,1,113.393058,23.002791,18.92221669,33:19.3
1821,1,113.393099,23.002951,18.90738889,33:20.3
1822,1,113.393141,23.003111,18.89882306,33:21.3
1823,1,113.393184,23.003272,18.9225318,33:22.3
1824,1,113.393226,23.003433,18.89357197,33:23.3
1825,1,113.393267,23.003593,18.76923025,33:24.3
1826,1,113.39331,23.003754,18.90168916,33:25.3
1827,1,113.393351,23.003915,18.9418558,33:26.3
1828,1,113.393393,23.004078,19.06200509,33:27.3
1829,1,113.393436,23.00424,18.96661771,33:28.3
1830,1,113.39348,23.004402,19.07345023,33:29.3
1831,1,113.393523,23.004564,19.18572055,33:30.3
1832,1,113.393567,23.004726,19.14339382,33:31.3
1833,1,113.393611,23.004888,19.15560448,33:32.3
1834,1,113.393654,23.00505,19.13389261,33:33.3
1835,1,113.393698,23.005211,19.04594225,33:34.3
1836,1,113.393741,23.005371,18.89981795,33:35.3
1837,1,113.393784,23.00553,18.70299924,33:36.3
1838,1,113.393826,23.005687,18.58751763,33:37.3
1839,1,113.393869,23.005845,18.65329311,33:38.3
1840,1,113.393912,23.006004,18.6550518,33:39.3
1841,1,113.393954,23.006163,18.62038632,33:40.3
1842,1,113.394001,23.006323,18.81728697,33:41.3
1843,1,113.394047,23.006481,18.66303594,33:42.3
1844,1,113.394091,23.006638,18.54077355,33:43.3
1845,1,113.394134,23.006795,18.6139007,33:44.3
1846,1,113.394212,23.006939,18.55422367,33:45.3
1847,1,113.394327,23.007065,18.5794157,33:46.3
1848,1,113.394462,23.00717,18.44132593,33:47.3
1849,1,113.394604,23.007268,18.44740435,33:48.3
1850,1,113.394762,23.007338,18.46736814,33:49.3
1851,1,113.394926,23.007397,18.64473981,33:50.3
1852,1,113.395091,23.007458,18.84253129,33:51.3
1853,1,113.395255,23.007525,18.91185314,33:52.3
1854,1,113.395418,23.007591,18.85099208,33:53.3
1855,1,113.395582,23.007656,18.85314113,33:54.3
1856,1,113.395749,23.007722,18.99736242,33:55.3
1857,1,113.395916,23.007787,19.13958713,33:56.3
1858,1,113.396082,23.007853,19.02221476,33:57.3
1859,1,113.396247,23.007918,18.92354905,33:58.3
1860,1,113.396414,23.007984,19.07666505,33:59.3
1861,1,113.396579,23.008049,18.903245,34:00.3
1862,1,113.396745,23.008114,19.08245108,34:01.3
1863,1,113.396912,23.00818,19.13139792,34:02.3
1864,1,113.397081,23.008246,19.28745702,34:03.3
1865,1,113.39725,23.008312,19.37219596,34:04.3
1866,1,113.397425,23.008379,19.93991581,34:05.3
1867,1,113.397594,23.008444,19.33236929,34:06.3
1868,1,113.397769,23.008511,19.92281815,34:07.3
1869,1,113.397936,23.008576,19.08713292,34:08.3
1870,1,113.398108,23.008641,19.60566638,34:09.3
1871,1,113.398272,23.008704,18.65944831,34:10.3
1872,1,113.398434,23.008767,18.48567561,34:11.3
1873,1,113.398598,23.00883,18.67513124,34:12.3
1874,1,113.398762,23.008893,18.75071533,34:13.3
1875,1,113.398928,23.008956,18.84452969,34:14.3
1876,1,113.399092,23.009019,18.76337244,34:15.3
1877,1,113.399256,23.009082,18.59785521,34:16.3
1878,1,113.39942,23.009145,18.65709565,34:17.3
1879,1,113.399583,23.009209,18.58350943,34:18.3
1880,1,113.399746,23.009273,18.76634065,34:19.3
1881,1,113.399911,23.009338,18.95610616,34:20.3
1882,1,113.400075,23.009401,18.79140433,34:21.3
1883,1,113.400238,23.009464,18.63753787,34:22.3
1884,1,113.400398,23.009526,18.21855907,34:23.3
1885,1,113.400553,23.009585,17.75118328,34:24.3
1886,1,113.400704,23.009644,17.27471482,34:25.3
1887,1,113.400851,23.0097,16.84158166,34:26.3
1888,1,113.400995,23.009756,16.36657778,34:27.3
1889,1,113.401135,23.00981,15.92386876,34:28.3
1890,1,113.40127,23.009862,15.3723556,34:29.3
1891,1,113.401401,23.009913,14.85013908,34:30.3
1892,1,113.401527,23.009963,14.28893839,34:31.3
1893,1,113.401647,23.010013,13.84471132,34:32.3
1894,1,113.401767,23.010064,13.83258988,34:33.3
1895,1,113.401888,23.010115,13.99814089,34:34.3
1896,1,113.40201,23.010164,13.98141987,34:35.3
1897,1,113.402134,23.010211,14.06192978,34:36.3
1898,1,113.402257,23.010258,14.09114985,34:37.3
1899,1,113.402381,23.010305,14.17525585,34:38.3
1900,1,113.402503,23.010352,13.99971961,34:39.3
1901,1,113.402625,23.010399,13.90059326,34:40.3
1902,1,113.402746,23.010445,13.80671724,34:41.3
1903,1,113.402866,23.010491,13.69827922,34:42.3
1904,1,113.402987,23.010537,13.70180193,34:43.3
1905,1,113.403109,23.010583,13.78598312,34:44.3
1906,1,113.403232,23.01063,13.94050171,34:45.3
1907,1,113.403355,23.010677,13.93967104,34:46.3
1908,1,113.403477,23.010723,13.87404701,34:47.3
1909,1,113.403598,23.010769,13.68673043,34:48.3
1910,1,113.403717,23.010814,13.58295108,34:49.3
1911,1,113.403835,23.010859,13.50872493,34:50.3
1912,1,113.403954,23.010904,13.48053931,34:51.3
1913,1,113.404071,23.010949,13.326327,34:52.3
1914,1,113.404186,23.010995,13.211331,34:53.3
1915,1,113.404302,23.011043,13.27720845,34:54.3
1916,1,113.404418,23.01109,13.19421242,34:55.3
1917,1,113.404532,23.011137,13.114391,34:56.3
1918,1,113.404644,23.011183,12.95298704,34:57.3
1919,1,113.404756,23.011229,12.89814681,34:58.3
1920,1,113.404869,23.011275,12.88551854,34:59.3
1921,1,113.404983,23.011322,13.08122739,35:00.3
1922,1,113.405097,23.011368,13.14109494,35:01.3
1923,1,113.405212,23.011413,13.04239387,35:02.3
1924,1,113.405327,23.011459,12.99467626,35:03.3
1925,1,113.405441,23.011504,13.04678117,35:04.3
1926,1,113.405556,23.011549,13.04798431,35:05.3
1927,1,113.405669,23.0116,13.18159899,35:06.3
1928,1,113.405782,23.01165,13.01593306,35:07.3
1929,1,113.405895,23.0117,13.19028421,35:08.3
1930,1,113.406007,23.011751,13.09044768,35:09.3
1931,1,113.406119,23.011802,13.15390141,35:10.3
1932,1,113.40623,23.011858,13.27659254,35:11.3
1933,1,113.406342,23.011914,13.43520685,35:12.3
1934,1,113.406454,23.011971,13.33942841,35:13.3
1935,1,113.406562,23.012036,13.36713441,35:14.3
1936,1,113.406669,23.0121,13.16983082,35:15.3
1937,1,113.406774,23.012163,12.97308807,35:16.3
1938,1,113.40688,23.012227,13.00800373,35:17.3
1939,1,113.406985,23.01229,12.88051947,35:18.3
1940,1,113.407088,23.012352,12.7058759,35:19.3
1941,1,113.407188,23.01242,12.7721154,35:20.3
1942,1,113.407288,23.01249,12.93876344,35:21.3
1943,1,113.407389,23.012561,13.12048229,35:22.3
1944,1,113.407489,23.012631,13.03148172,35:23.3
1945,1,113.407589,23.012701,13.00107283,35:24.3
1946,1,113.407689,23.01277,12.94037318,35:25.3
1947,1,113.407786,23.012842,12.9849311,35:26.3
1948,1,113.407881,23.012918,13.04601506,35:27.3
1949,1,113.407972,23.012991,12.55821508,35:28.3
1950,1,113.40806,23.013061,12.06155013,35:29.3
1951,1,113.408141,23.013131,11.57608638,35:30.3
1952,1,113.408218,23.013199,11.14016771,35:31.3
1953,1,113.408291,23.013264,10.59183211,35:32.3
1954,1,113.40836,23.013325,10.0352075,35:33.3
1955,1,113.408426,23.013384,9.489062333,35:34.3
1956,1,113.408487,23.013439,8.908449701,35:35.3
1957,1,113.408553,23.013497,9.45857867,35:36.3
1958,1,113.408622,23.013558,9.895790577,35:37.3
1959,1,113.408694,23.013622,10.36659615,35:38.3
1960,1,113.408766,23.013692,10.89290624,35:39.3
1961,1,113.408841,23.013765,11.39207727,35:40.3
1962,1,113.40892,23.013841,11.87077534,35:41.3
1963,1,113.408998,23.013918,12.00494269,35:42.3
1964,1,113.409078,23.013996,12.14366549,35:43.3
1965,1,113.409158,23.014075,12.15218524,35:44.3
1966,1,113.409238,23.014153,12.18629094,35:45.3
1967,1,113.409319,23.014232,12.38322603,35:46.3
1968,1,113.409401,23.014312,12.46201713,35:47.3
1969,1,113.409484,23.014393,12.42145597,35:48.3
1970,1,113.409567,23.014472,12.40756207,35:49.3
1971,1,113.409649,23.014552,12.60227036,35:50.3
1972,1,113.409731,23.014631,12.60509376,35:51.3
1973,1,113.409813,23.014711,12.58596326,35:52.3
1974,1,113.409897,23.014792,12.6578085,35:53.3
1975,1,113.409983,23.014875,12.83297803,35:54.3
1976,1,113.410067,23.014956,12.68053099,35:55.3
1977,1,113.410151,23.015037,12.56842794,35:56.3
1978,1,113.410234,23.015118,12.50733336,35:57.3
1979,1,113.410317,23.015197,12.58444308,35:58.3
1980,1,113.4104,23.015278,12.76602329,35:59.3
1981,1,113.410484,23.015359,12.59246079,36:00.3
1982,1,113.410568,23.01544,12.68075703,36:01.3
1983,1,113.410651,23.015524,12.72958079,36:02.3
1984,1,113.410732,23.015608,12.64434167,36:03.3
1985,1,113.410812,23.01569,12.46715944,36:04.3
1986,1,113.41089,23.015772,12.33680702,36:05.3
1987,1,113.410969,23.015853,12.29264386,36:06.3
1988,1,113.411046,23.015933,12.10804175,36:07.3
1989,1,113.411126,23.016011,12.17470313,36:08.3
1990,1,113.411206,23.016088,12.25307893,36:09.3
1991,1,113.411286,23.016166,12.05830655,36:10.3
1992,1,113.411364,23.016242,11.87105792,36:11.3
1993,1,113.411444,23.016319,11.9014422,36:12.3
1994,1,113.411522,23.016394,11.76310921,36:13.3
1995,1,113.4116,23.01647,11.90343531,36:14.3
1996,1,113.41168,23.016548,11.98773528,36:15.3
1997,1,113.41176,23.016625,12.12697357,36:16.3
1998,1,113.411838,23.016701,11.60659496,36:17.3
1999,1,113.411912,23.016772,11.03685209,36:18.3
2000,1,113.411982,23.01684,10.60395061,36:19.3
2001,1,113.41205,23.016907,10.19636415,36:20.3
2002,1,113.412115,23.016969,9.673854593,36:21.3
2003,1,113.412175,23.017028,9.146264194,36:22.3
2004,1,113.412233,23.017084,8.698423968,36:23.3
2005,1,113.412294,23.017143,9.129673599,36:24.3
2006,1,113.412357,23.017204,9.618358857,36:25.3
2007,1,113.412424,23.017269,10.08623677,36:26.3
2008,1,113.412494,23.017337,10.5254278,36:27.3
2009,1,113.412565,23.017406,10.92831961,36:28.3
2010,1,113.412641,23.017479,11.40009037,36:29.3
2011,1,113.41272,23.017556,11.82154693,36:30.3
2012,1,113.412799,23.017633,11.9932969,36:31.3
2013,1,113.412879,23.01771,11.93945182,36:32.3
2014,1,113.412957,23.017785,11.86116917,36:33.3
2015,1,113.413035,23.017861,11.79668004,36:34.3
2016,1,113.413113,23.017936,11.64524259,36:35.3
2017,1,113.413188,23.018009,11.46033802,36:36.3
2018,1,113.413263,23.018083,11.46766051,36:37.3
2019,1,113.413339,23.018156,11.29247007,36:38.3
2020,1,113.413416,23.01823,11.72411535,36:39.3
2021,1,113.413493,23.018305,11.54457963,36:40.3
2022,1,113.413571,23.018381,11.72456685,36:41.3
2023,1,113.413648,23.018455,11.62487266,36:42.3
2024,1,113.413723,23.018528,11.43671181,36:43.3
2025,1,113.413803,23.018605,12.0126531,36:44.3
2026,1,113.413884,23.018684,12.16143368,36:45.3
2027,1,113.413963,23.018761,11.98262591,36:46.3
2028,1,113.414042,23.018837,11.85845158,36:47.3
2029,1,113.414121,23.018914,11.93394107,36:48.3
2030,1,113.4142,23.018992,12.03190712,36:49.3
2031,1,113.414281,23.019071,12.15713367,36:50.3
2032,1,113.41436,23.019149,12.06724515,36:51.3
2033,1,113.414439,23.019226,11.98470646,36:52.3
2034,1,113.414517,23.019303,11.91935068,36:53.3
2035,1,113.414596,23.01938,11.96176529,36:54.3
2036,1,113.414675,23.019456,11.97380282,36:55.3
2037,1,113.414754,23.019533,11.89284767,36:56.3
2038,1,113.414833,23.01961,11.93272997,36:57.3
2039,1,113.414913,23.019687,12.09027399,36:58.3
2040,1,113.414994,23.019766,12.1262225,36:59.3
2041,1,113.415076,23.019845,12.25757557,37:00.3
2042,1,113.415157,23.019924,12.22104178,37:01.3
2043,1,113.415237,23.020002,12.10614918,37:02.3
2044,1,113.415317,23.020079,12.0346211,37:03.3
2045,1,113.415396,23.020157,12.03234572,37:04.3
2046,1,113.415477,23.020235,12.09640506,37:05.3
2047,1,113.415558,23.020313,12.04984399,37:06.3
2048,1,113.415633,23.020387,11.36111359,37:07.3
2049,1,113.415705,23.020456,10.70089908,37:08.3
2050,1,113.415771,23.02052,9.987322169,37:09.3
2051,1,113.415838,23.020585,10.04315051,37:10.3
2052,1,113.415904,23.020649,9.989312048,37:11.3
2053,1,113.415971,23.020715,10.15746488,37:12.3
2054,1,113.416039,23.02078,10.22427429,37:13.3
2055,1,113.416064,23.020847,10.31089456,37:14.3
2056,1,113.415994,23.02091,10.18968993,37:15.3
2057,1,113.415928,23.02097,9.589942288,37:16.3
2058,1,113.415868,23.021027,8.849982368,37:17.3
2059,1,113.415817,23.021078,7.858612608,37:18.3
2060,1,113.415767,23.021129,7.744138994,37:19.3
2061,1,113.415714,23.021182,7.909940858,37:20.3
2062,1,113.415662,23.021235,7.979794096,37:21.3
2063,1,113.415609,23.021288,8.16874491,37:22.3
2064,1,113.415555,23.021342,8.271209416,37:23.3
2065,1,113.415505,23.021392,7.612359915,37:24.3
2066,1,113.41546,23.021438,7.096674691,37:25.3
2067,1,113.415419,23.021479,6.356356406,37:26.3
2068,1,113.415382,23.021516,5.557105228,37:27.3
2069,1,113.415345,23.021553,5.467406849,37:28.3
2070,1,113.41531,23.021589,5.361673181,37:29.3
2071,1,113.415277,23.021622,5.16409589,37:30.3
2072,1,113.415244,23.021655,5.107321832,37:31.3
2073,1,113.41521,23.021689,5.137900048,37:32.3
2074,1,113.415175,23.021724,5.052303294,37:33.3
2075,1,113.415144,23.021756,4.874332378,37:34.3
2076,1,113.415111,23.021789,5.023636981,37:35.3
2077,1,113.415078,23.021822,5.128176204,37:36.3
2078,1,113.415044,23.021856,5.244986332,37:37.3
2079,1,113.415009,23.021891,5.054824203,37:38.3
2080,1,113.414975,23.021925,5.139086021,37:39.3
2081,1,113.414947,23.021953,4.173414256,37:40.3
2082,1,113.414925,23.021975,3.336751203,37:41.3
2083,1,113.414908,23.021993,2.570187115,37:42.3
2084,1,113.414896,23.022005,1.642278692,37:43.3
2085,1,113.414888,23.022013,0.978905648,37:44.3
2086,1,113.414886,23.022015,0.213923363,37:45.3
2087,1,113.414884,23.022017,0,37:46.3
2088,1,113.414884,23.022017,0,37:47.3
2089,1,113.414884,23.022017,0,37:48.3
2090,1,113.414884,23.022017,0,37:49.3
2091,1,113.414884,23.022017,0,37:50.3
2092,1,113.414884,23.022017,0,37:51.3
2093,1,113.414884,23.022017,0,37:52.3
2094,1,113.414884,23.022017,0,37:53.3
2095,1,113.414884,23.022017,0,37:54.3
2096,1,113.414884,23.022017,0,37:55.3
2097,1,113.414884,23.022017,0,37:56.3
2098,1,113.414884,23.022017,0,37:57.3
2099,1,113.414884,23.022017,0,37:58.3
2100,1,113.414884,23.022017,0,37:59.3
2101,1,113.414884,23.022017,0,38:00.3
2102,1,113.414884,23.022017,0,38:01.3
2103,1,113.414884,23.022017,0,38:02.3
2104,1,113.414884,23.022017,0,38:03.3
2105,1,113.414884,23.022017,0,38:04.3
2106,1,113.414884,23.022017,0,38:05.3
2107,1,113.414884,23.022017,0,38:06.3
2108,1,113.414884,23.022017,0,38:07.3
