113.35203,23.160228,30,嵩山路
113.351755,23.160164,30,嵩山路
113.35148,23.160099,30,嵩山路
113.351332,23.159961,30,嵩山路
113.351391,23.159705,30,嵩山路
113.35145,23.159449,30,嵩山路
113.35151,23.159193,30,嵩山路
113.35157,23.158937,30,嵩山路
113.351613,23.158696,30,岳洲路
113.351611,23.158425,30,岳洲路
113.351608,23.158155,30,岳洲路
113.351605,23.157884,30,岳洲路
113.351603,23.157614,30,岳洲路
113.3516,23.157344,30,岳洲路
113.351602,23.157075,30,岳洲路
113.351608,23.156805,30,岳洲路
113.351611,23.156535,30,岳洲路
113.351614,23.156264,30,岳洲路
113.351617,23.155994,30,岳洲路
113.351621,23.155724,30,岳洲路
113.351624,23.155454,30,岳洲路
113.351628,23.155185,30,岳洲路
113.351538,23.154967,30,岳洲路
113.351256,23.154928,50,五山路
113.350969,23.1549,50,五山路
113.350683,23.154873,50,五山路
113.350397,23.154845,50,五山路
113.350111,23.154818,50,五山路
113.349825,23.154791,50,五山路
113.349539,23.154763,50,五山路
113.349257,23.154719,50,五山路
113.348979,23.154666,50,五山路
113.348696,23.154633,50,五山路
113.348406,23.154647,50,五山路
113.34812,23.154677,50,五山路
113.347837,23.154719,50,五山路
113.347554,23.15476,50,五山路
113.347268,23.154788,50,五山路
113.346979,23.154805,50,五山路
113.346687,23.154803,50,五山路
113.346398,23.154782,50,五山路
113.346123,23.154721,50,五山路
113.345857,23.154632,50,五山路
113.345606,23.154502,50,五山路
113.345373,23.154344,50,五山路
113.345165,23.154162,50,五山路
113.344967,23.153969,50,五山路
113.344769,23.153777,50,五山路
113.344564,23.153592,50,五山路
113.344351,23.153417,50,五山路
113.344127,23.15325,50,五山路
113.343894,23.153092,50,五山路
113.343653,23.152941,50,五山路
113.343414,23.15279,50,五山路
113.343194,23.15262,50,五山路
113.342986,23.152438,50,五山路
113.342782,23.152251,50,五山路
113.342583,23.15206,50,五山路
113.342399,23.151856,50,五山路
113.342239,23.151634,50,五山路
113.342086,23.151406,50,五山路
113.341937,23.151177,50,五山路
113.34179,23.150947,50,五山路
113.341642,23.150717,50,五山路
113.341497,23.150486,50,五山路
113.341351,23.150254,50,五山路
113.341207,23.150022,50,五山路
113.34118,23.149758,50,五山路
113.341073,23.149513,50,五山路
113.340989,23.149262,50,五山路
113.340909,23.149011,50,五山路
113.340838,23.148758,50,五山路
113.340777,23.148503,50,五山路
113.340713,23.148247,50,五山路
113.340646,23.147993,50,五山路
113.340596,23.147734,50,五山路
113.340543,23.147476,50,五山路
113.340488,23.147218,50,五山路
113.340454,23.146955,50,五山路
113.340442,23.146686,50,五山路
113.340442,23.146416,50,五山路
113.340462,23.14615,50,五山路
113.340476,23.145882,50,五山路
113.340481,23.145613,50,五山路
113.340486,23.145343,50,五山路
113.340495,23.145074,50,五山路
113.340504,23.144806,50,五山路
113.340514,23.144537,50,五山路
113.340494,23.144273,50,五山路
113.340447,23.144012,50,五山路
113.340398,23.143753,50,五山路
113.34033,23.143499,50,五山路
113.340191,23.143274,50,五山路
113.340021,23.143059,50,五山路
113.339852,23.142845,50,五山路
113.339684,23.14263,50,五山路
113.339513,23.142417,50,五山路
113.33934,23.142205,50,五山路
113.339168,23.141992,50,五山路
113.338994,23.141781,50,五山路
113.338826,23.141565,50,五山路
113.338653,23.141354,50,五山路
113.338475,23.141147,50,五山路
113.338296,23.140941,50,五山路
113.338127,23.140725,50,五山路
113.337969,23.140501,50,五山路
113.337838,23.140264,50,五山路
113.337733,23.14002,50,五山路
113.337629,23.139775,50,五山路
113.337512,23.139536,50,五山路
113.337382,23.139301,50,五山路
113.337228,23.139075,50,五山路
113.337075,23.138849,50,五山路
113.33695,23.138615,50,五山路
113.337003,23.138369,40,天河路
113.337193,23.138244,40,天河路
113.33747,23.138307,40,天河路
113.337745,23.138369,40,天河路
113.338023,23.138427,40,天河路
113.3383,23.13848,40,天河路
113.338577,23.138542,40,天河路
113.338855,23.138599,40,天河路
113.339132,23.138657,40,天河路
113.339409,23.138713,40,天河路
113.339687,23.138767,40,天河路
113.339962,23.138834,40,天河路
113.340247,23.138816,40,天河路
113.340531,23.138777,50,中山大道西
113.340817,23.138747,50,中山大道西
113.341104,23.138719,50,中山大道西
113.341389,23.138683,50,中山大道西
113.341668,23.13863,50,中山大道西
113.341946,23.138577,50,中山大道西
113.342225,23.138524,50,中山大道西
113.342503,23.138471,50,中山大道西
113.342784,23.138421,50,中山大道西
113.343064,23.13837,50,中山大道西
113.343343,23.138319,50,中山大道西
113.343622,23.138269,50,中山大道西
113.343902,23.138219,50,中山大道西
113.344183,23.138172,50,中山大道西
113.344464,23.138128,30,中山立交桥
113.344746,23.138082,30,中山立交桥
113.345027,23.138038,30,中山立交桥
113.345309,23.137992,30,中山立交桥
113.345556,23.137865,30,中山立交桥
113.345828,23.137789,30,中山立交桥
113.346051,23.137627,30,中山立交桥
113.346181,23.137393,30,中山立交桥
113.346186,23.137125,30,中山立交桥
113.346131,23.136867,30,中山立交桥
113.346061,23.136612,30,中山立交桥
113.345953,23.13637,40,中山立交桥
113.345826,23.136132,40,中山立交桥
113.345736,23.135883,40,中山立交桥
113.345683,23.135625,40,中山立交桥
113.345638,23.135365,40,中山立交桥
113.345606,23.135101,40,中山立交桥
113.345608,23.13483,40,中山立交桥
113.34562,23.134563,40,中山立交桥
113.345634,23.134296,40,中山立交桥
113.345673,23.134033,40,中山立交桥
113.345713,23.133772,40,中山立交桥
113.345761,23.133513,40,中山立交桥
113.345861,23.133271,40,中山立交桥
113.345924,23.133019,120,S303华南快速
113.345951,23.132755,120,S303华南快速
113.345978,23.132491,120,S303华南快速
113.346005,23.132227,120,S303华南快速
113.346033,23.131963,120,S303华南快速
113.346062,23.131701,120,S303华南快速
113.346093,23.131442,120,S303华南快速
113.346124,23.131183,120,S303华南快速
113.346156,23.130919,120,S303华南快速
113.346184,23.130655,120,S303华南快速
113.346206,23.130389,120,S303华南快速
113.346227,23.130124,120,S303华南快速
113.346246,23.129858,120,S303华南快速
113.346265,23.129592,120,S303华南快速
113.346284,23.129326,120,S303华南快速
113.346302,23.129059,120,S303华南快速
113.346321,23.128793,120,S303华南快速
113.346338,23.128525,120,S303华南快速
113.346355,23.128258,120,S303华南快速
113.346372,23.127992,120,S303华南快速
113.346389,23.127725,120,S303华南快速
113.346405,23.127459,120,S303华南快速
113.346422,23.127192,120,S303华南快速
113.346439,23.126926,120,S303华南快速
113.346456,23.126659,120,S303华南快速
113.346473,23.126393,120,S303华南快速
113.34649,23.126126,120,S303华南快速
113.346507,23.12586,120,S303华南快速
113.346523,23.125593,120,S303华南快速
113.34654,23.125327,120,S303华南快速
113.346557,23.12506,120,S303华南快速
113.346575,23.124794,120,S303华南快速
113.346592,23.124527,120,S303华南快速
113.34661,23.124261,120,S303华南快速
113.346627,23.123995,120,S303华南快速
113.346645,23.123729,120,S303华南快速
113.346662,23.123462,120,S303华南快速
113.346676,23.123195,120,S303华南快速
113.346686,23.122926,120,S303华南快速
113.346695,23.122658,120,S303华南快速
113.346703,23.122389,120,S303华南快速
113.346703,23.122118,120,S303华南快速
113.346703,23.121847,120,S303华南快速
113.346699,23.121578,120,S303华南快速
113.346694,23.121309,120,S303华南快速
113.34669,23.12104,120,S303华南快速
113.346683,23.12077,120,S303华南快速
113.346674,23.120502,120,S303华南快速
113.346634,23.12024,120,S303华南快速
113.346621,23.119973,120,S303华南快速
113.34661,23.119704,120,S303华南快速
113.346598,23.119436,120,S303华南快速
113.346581,23.119169,120,S303华南快速
113.346563,23.118902,120,S303华南快速
113.346545,23.118635,120,S303华南快速
113.346526,23.118368,120,S303华南快速
113.346506,23.118102,120,S303华南快速
113.346487,23.117836,120,S303华南快速
113.346466,23.11757,120,S303华南快速
113.346448,23.117304,120,S303华南快速
113.346434,23.117037,120,S303华南快速
113.346424,23.116768,120,S303华南快速
113.346403,23.116502,120,S303华南快速
113.346382,23.116236,120,S303华南快速
113.34636,23.115971,120,S303华南快速
113.346339,23.115705,120,S303华南快速
113.346318,23.11544,120,S303华南快速
113.346297,23.115175,120,S303华南快速
113.346277,23.114909,120,S303华南快速
113.346258,23.114643,120,S303华南快速
113.346239,23.114376,120,S303华南快速
113.34622,23.11411,120,S303华南快速
113.346201,23.113843,120,S303华南快速
113.346182,23.113577,120,S303华南快速
113.346162,23.11331,120,S303华南快速
113.346143,23.113043,120,S303华南快速
113.346124,23.112777,120,S303华南快速
113.346105,23.11251,120,S303华南快速
113.346086,23.112244,120,S303华南快速
113.346067,23.111977,120,S303华南快速
113.346047,23.111711,120,S303华南快速
113.346029,23.111444,120,S303华南快速
113.346011,23.111178,120,S303华南快速
113.345993,23.110911,120,S303华南快速
113.345975,23.110644,120,S303华南快速
113.345957,23.110378,120,S303华南快速
113.345939,23.110111,120,S303华南快速
113.345921,23.109845,120,S303华南快速
113.345902,23.109579,120,S303华南快速
113.345883,23.109312,120,S303华南快速
113.345864,23.109046,120,S303华南快速
113.345845,23.10878,120,S303华南快速
113.345826,23.108513,120,S303华南快速
113.345808,23.108247,120,S303华南快速
113.345789,23.107981,120,S303华南快速
113.345771,23.107715,120,S303华南快速
113.345752,23.107449,120,S303华南快速
113.345734,23.107183,120,S303华南快速
113.345715,23.106917,120,S303华南快速
113.345695,23.10665,120,S303华南快速
113.345673,23.106384,120,S303华南快速
113.345663,23.106115,120,S303华南快速
113.345651,23.105847,120,S303华南快速
113.345638,23.105579,120,S303华南快速
113.345638,23.105309,120,S303华南快速
113.345638,23.105038,120,S303华南快速
113.345638,23.104767,120,S303华南快速
113.345638,23.104497,120,S303华南快速
113.345635,23.104226,120,S303华南快速
113.345633,23.103956,120,S303华南快速
113.345632,23.103685,120,S303华南快速
113.345636,23.103415,120,S303华南快速
113.34564,23.103145,120,S303华南快速
113.345644,23.102876,120,S303华南快速
113.345647,23.102606,120,S303华南快速
113.345651,23.102336,120,S303华南快速
113.345655,23.102067,120,S303华南快速
113.345659,23.101797,120,S303华南快速
113.345662,23.101527,120,S303华南快速
113.345662,23.101257,120,S303华南快速
113.345662,23.100986,120,S303华南快速
113.345662,23.100716,120,S303华南快速
113.345662,23.100445,120,S303华南快速
113.345662,23.100175,120,S303华南快速
113.345662,23.099904,120,S303华南快速
113.345662,23.099634,120,S303华南快速
113.345662,23.099363,120,S303华南快速
113.345662,23.099093,120,S303华南快速
113.345667,23.098824,120,S303华南快速
113.345672,23.098554,120,S303华南快速
113.345677,23.098285,120,S303华南快速
113.345683,23.098015,120,S303华南快速
113.345688,23.097746,120,S303华南快速
113.345693,23.097477,120,S303华南快速
113.345698,23.097207,120,S303华南快速
113.345704,23.096938,120,S303华南快速
113.345709,23.096668,120,S303华南快速
113.345713,23.096399,120,S303华南快速
113.345718,23.09613,120,S303华南快速
113.345722,23.095861,120,S303华南快速
113.345727,23.095591,120,S303华南快速
113.345731,23.095322,120,S303华南快速
113.345736,23.095052,120,S303华南快速
113.34574,23.094782,120,S303华南快速
113.345743,23.094513,120,S303华南快速
113.345747,23.094244,120,S303华南快速
113.34575,23.093974,120,S303华南快速
113.345754,23.093703,120,S303华南快速
113.345745,23.093435,120,S303华南快速
113.345736,23.093166,120,S303华南快速
113.345728,23.092897,120,S303华南快速
113.345719,23.092629,120,S303华南快速
113.34571,23.09236,120,S303华南快速
113.345689,23.092094,120,S303华南快速
113.345664,23.09183,120,S303华南快速
113.345639,23.091565,120,S303华南快速
113.345596,23.091304,120,S303华南快速
113.345554,23.091043,120,S303华南快速
113.345511,23.090783,120,S303华南快速
113.345468,23.090522,120,S303华南快速
113.345425,23.090261,120,S303华南快速
113.34538,23.090001,120,S303华南快速
113.34532,23.089745,120,S303华南快速
113.345257,23.089489,120,S303华南快速
113.345184,23.089236,120,S303华南快速
113.345111,23.088982,120,S303华南快速
113.345026,23.088731,120,S303华南快速
113.344938,23.08848,120,S303华南快速
113.344848,23.08823,120,S303华南快速
113.344758,23.087982,120,S303华南快速
113.344664,23.087734,120,S303华南快速
113.344559,23.087489,120,S303华南快速
113.344454,23.087244,120,S303华南快速
113.344338,23.087003,120,S303华南快速
113.344221,23.086762,120,S303华南快速
113.344099,23.086524,120,S303华南快速
113.343977,23.086284,120,S303华南快速
113.34385,23.086047,120,S303华南快速
113.343711,23.085812,120,S303华南快速
113.343572,23.085578,120,S303华南快速
113.343431,23.085345,120,S303华南快速
113.343281,23.085115,120,S303华南快速
113.343132,23.084885,120,S303华南快速
113.342987,23.084654,120,S303华南快速
113.342826,23.084433,120,S303华南快速
113.342666,23.084212,120,S303华南快速
113.3425,23.083995,120,S303华南快速
113.342328,23.083782,120,S303华南快速
113.342156,23.08357,120,S303华南快速
113.341981,23.08336,120,S303华南快速
113.341797,23.083157,120,S303华南快速
113.341612,23.082955,120,S303华南快速
113.341427,23.082754,120,S303华南快速
113.341236,23.082556,120,S303华南快速
113.341045,23.082359,120,S303华南快速
113.340852,23.082164,120,S303华南快速
113.340656,23.081971,120,S303华南快速
113.34046,23.081778,120,S303华南快速
113.340264,23.081585,120,S303华南快速
113.340067,23.081392,120,S303华南快速
113.339871,23.081199,120,S303华南快速
113.339675,23.081006,120,S303华南快速
113.339479,23.080813,120,S303华南快速
113.339282,23.08062,120,S303华南快速
113.339086,23.080427,120,S303华南快速
113.33889,23.080234,120,S303华南快速
113.338694,23.080041,120,S303华南快速
113.338499,23.079846,120,S303华南快速
113.338308,23.079652,120,S303华南快速
113.338115,23.079455,120,S303华南快速
113.337924,23.07926,120,S303华南快速
113.33774,23.079058,120,S303华南快速
113.337561,23.078849,120,S303华南快速
113.337392,23.078635,120,S303华南快速
113.337229,23.078414,120,S303华南快速
113.337083,23.078183,120,S303华南快速
113.336942,23.077949,120,S303华南快速
113.336813,23.077712,120,S303华南快速
113.336693,23.077473,120,S303华南快速
113.336586,23.07723,120,S303华南快速
113.336482,23.076984,120,S303华南快速
113.336392,23.076736,120,S303华南快速
113.336317,23.076484,120,S303华南快速
113.336246,23.076229,120,S303华南快速
113.336194,23.075971,120,S303华南快速
113.336151,23.075711,120,S303华南快速
113.336116,23.075449,120,S303华南快速
113.336094,23.075183,120,S303华南快速
113.336077,23.074917,120,S303华南快速
113.336077,23.074647,120,S303华南快速
113.336088,23.074379,120,S303华南快速
113.336103,23.074112,120,S303华南快速
113.336141,23.07385,120,S303华南快速
113.336188,23.07359,120,S303华南快速
113.336241,23.073333,120,S303华南快速
113.336309,23.07308,120,S303华南快速
113.336376,23.072826,120,S303华南快速
113.33646,23.072576,120,S303华南快速
113.336551,23.072328,120,S303华南快速
113.336642,23.072079,120,S303华南快速
113.336744,23.071835,120,S303华南快速
113.336846,23.071591,120,S303华南快速
113.336947,23.071347,120,S303华南快速
113.337047,23.071102,120,S303华南快速
113.337144,23.070856,120,S303华南快速
113.337243,23.070609,120,S303华南快速
113.337342,23.070364,120,S303华南快速
113.337439,23.070116,120,S303华南快速
113.337537,23.069869,120,S303华南快速
113.337636,23.069622,120,S303华南快速
113.337734,23.069376,120,S303华南快速
113.337833,23.069129,120,S303华南快速
113.337932,23.068882,120,S303华南快速
113.337971,23.068622,40,土华立交桥
113.337979,23.068354,40,土华立交桥
113.337889,23.068111,40,土华立交桥
113.337663,23.067956,40,土华立交桥
113.337377,23.067949,40,土华立交桥
113.337139,23.068084,40,土华立交桥
113.337013,23.068314,40,土华立交桥
113.337064,23.068572,40,土华立交桥
113.337251,23.068769,40,土华立交桥
113.33751,23.068878,40,土华立交桥
113.33778,23.068956,40,土华立交桥
113.33805,23.069034,40,土华立交桥
113.338322,23.069113,40,土华立交桥
113.338592,23.069191,40,土华立交桥
113.338863,23.069266,40,土华立交桥
113.339137,23.069337,40,土华立交桥
113.339409,23.069407,40,土华立交桥
113.339681,23.069478,40,土华立交桥
113.339955,23.069546,40,土华立交桥
113.340227,23.06962,40,土华立交桥
113.340499,23.069697,40,土华立交桥
113.340772,23.069771,40,土华立交桥
113.341019,23.06991,40,土华立交桥
113.341261,23.070054,40,土华立交桥
113.341482,23.070226,40,土华立交桥
113.341692,23.070409,40,土华立交桥
113.341916,23.070578,40,土华立交桥
113.342163,23.070715,40,土华立交桥
113.342419,23.070834,40,土华立交桥
113.342675,23.070952,40,土华立交桥
113.342936,23.071058,120,S81广州环城高速
113.343201,23.071148,120,S81广州环城高速
113.343467,23.071239,120,S81广州环城高速
113.343735,23.071326,120,S81广州环城高速
113.344003,23.071413,120,S81广州环城高速
113.344267,23.071508,120,S81广州环城高速
113.344532,23.071605,120,S81广州环城高速
113.344796,23.071701,120,S81广州环城高速
113.34506,23.071797,120,S81广州环城高速
113.345324,23.071893,120,S81广州环城高速
113.345588,23.071989,120,S81广州环城高速
113.345852,23.072085,120,S81广州环城高速
113.346116,23.072181,120,S81广州环城高速
113.34638,23.072279,120,S81广州环城高速
113.346641,23.072382,120,S81广州环城高速
113.346902,23.072485,120,S81广州环城高速
113.347163,23.072588,120,S81广州环城高速
113.347424,23.072691,120,S81广州环城高速
113.347685,23.072794,120,S81广州环城高速
113.347946,23.072897,120,S81广州环城高速
113.348207,23.073,120,S81广州环城高速
113.348468,23.073106,120,S81广州环城高速
113.348727,23.073217,120,S81广州环城高速
113.348986,23.073327,120,S81广州环城高速
113.349245,23.073438,120,S81广州环城高速
113.349504,23.073548,120,S81广州环城高速
113.349763,23.073658,120,S81广州环城高速
113.350022,23.073769,120,S81广州环城高速
113.350281,23.073879,120,S81广州环城高速
113.350541,23.073989,120,S81广州环城高速
113.3508,23.074099,120,S81广州环城高速
113.35106,23.074209,120,S81广州环城高速
113.351318,23.074318,120,S81广州环城高速
113.351578,23.074429,120,S81广州环城高速
113.351836,23.074541,120,S81广州环城高速
113.352095,23.074652,120,S81广州环城高速
113.352353,23.074764,120,S81广州环城高速
113.35261,23.074875,120,S81广州环城高速
113.352867,23.074986,120,S81广州环城高速
113.353125,23.075097,120,S81广州环城高速
113.353384,23.075209,120,S81广州环城高速
113.353642,23.075321,120,S81广州环城高速
113.3539,23.075432,120,S81广州环城高速
113.354159,23.075544,120,S81广州环城高速
113.354417,23.075655,120,S81广州环城高速
113.354674,23.075766,120,S81广州环城高速
113.354931,23.075877,120,S81广州环城高速
113.355189,23.075989,120,S81广州环城高速
113.355448,23.0761,120,S81广州环城高速
113.355706,23.076212,120,S81广州环城高速
113.355965,23.076323,120,S81广州环城高速
113.356223,23.076435,120,S81广州环城高速
113.356482,23.076547,120,S81广州环城高速
113.35674,23.076658,120,S81广州环城高速
113.356997,23.076769,120,S81广州环城高速
113.357255,23.076881,120,S81广州环城高速
113.357514,23.076992,120,S81广州环城高速
113.357772,23.077104,120,S81广州环城高速
113.358031,23.077216,120,S81广州环城高速
113.35829,23.077327,120,S81广州环城高速
113.358548,23.077439,120,S81广州环城高速
113.358806,23.077549,120,S81广州环城高速
113.359065,23.077661,120,S81广州环城高速
113.359324,23.077772,120,S81广州环城高速
113.359583,23.077884,120,S81广州环城高速
113.359842,23.077995,120,S81广州环城高速
113.360101,23.078107,120,S81广州环城高速
113.36038,23.078158,40,仑头立交
113.360655,23.078224,40,仑头立交
113.360923,23.078308,40,仑头立交
113.36119,23.078299,40,仑头立交
113.361446,23.078183,40,仑头立交
113.361649,23.077996,40,仑头立交
113.361774,23.077757,40,仑头立交
113.361893,23.077518,40,仑头立交
113.362011,23.077278,40,仑头立交
113.362069,23.077021,40,仑头立交
113.362081,23.076759,40,仑头立交
113.362024,23.076502,40,仑头立交
113.361924,23.076257,40,仑头立交
113.361756,23.07604,40,仑头立交
113.361587,23.075822,40,仑头立交
113.361418,23.075604,40,仑头立交
113.36125,23.075387,40,仑头立交
113.361081,23.075169,40,仑头立交
113.360915,23.07495,40,仑头立交
113.360767,23.07472,40,仑头立交
113.360622,23.074488,40,仑头立交
113.360485,23.07426,120,S105南沙港快速
113.36031,23.07405,120,S105南沙港快速
113.360134,23.073841,120,S105南沙港快速
113.359964,23.073628,120,S105南沙港快速
113.359794,23.073415,120,S105南沙港快速
113.359624,23.073202,120,S105南沙港快速
113.359453,23.072989,120,S105南沙港快速
113.359281,23.072777,120,S105南沙港快速
113.359109,23.072565,120,S105南沙港快速
113.358936,23.072353,120,S105南沙港快速
113.358764,23.072141,120,S105南沙港快速
113.358592,23.071929,120,S105南沙港快速
113.358427,23.071711,120,S105南沙港快速
113.358267,23.071486,120,S105南沙港快速
113.35811,23.071261,120,S105南沙港快速
113.357968,23.071028,120,S105南沙港快速
113.357827,23.070795,120,S105南沙港快速
113.357685,23.070563,120,S105南沙港快速
113.357544,23.07033,120,S105南沙港快速
113.357409,23.070096,120,S105南沙港快速
113.357282,23.069859,120,S105南沙港快速
113.357156,23.06962,120,S105南沙港快速
113.357048,23.069377,120,S105南沙港快速
113.356946,23.069132,120,S105南沙港快速
113.356848,23.068884,120,S105南沙港快速
113.356751,23.068638,120,S105南沙港快速
113.356654,23.068392,120,S105南沙港快速
113.356577,23.068141,120,S105南沙港快速
113.356501,23.067889,120,S105南沙港快速
113.356425,23.067636,120,S105南沙港快速
113.356352,23.067383,120,S105南沙港快速
113.35629,23.067127,120,S105南沙港快速
113.356231,23.066869,120,S105南沙港快速
113.356184,23.06661,120,S105南沙港快速
113.356135,23.06635,120,S105南沙港快速
113.356085,23.066091,120,S105南沙港快速
113.356054,23.065828,120,S105南沙港快速
113.356025,23.065564,120,S105南沙港快速
113.356005,23.065299,120,S105南沙港快速
113.355985,23.065033,120,S105南沙港快速
113.355965,23.064767,120,S105南沙港快速
113.355946,23.0645,120,S105南沙港快速
113.355926,23.064234,120,S105南沙港快速
113.355907,23.063968,120,S105南沙港快速
113.355887,23.063701,120,S105南沙港快速
113.355868,23.063435,120,S105南沙港快速
113.355848,23.063169,120,S105南沙港快速
113.355828,23.062904,120,S105南沙港快速
113.35581,23.062638,120,S105南沙港快速
113.355792,23.062371,120,S105南沙港快速
113.355775,23.062104,120,S105南沙港快速
113.355757,23.061838,120,S105南沙港快速
113.355739,23.061571,120,S105南沙港快速
113.355721,23.061304,120,S105南沙港快速
113.355703,23.061038,120,S105南沙港快速
113.355685,23.060771,120,S105南沙港快速
113.355667,23.060504,120,S105南沙港快速
113.355649,23.060237,120,S105南沙港快速
113.355631,23.05997,120,S105南沙港快速
113.355614,23.059704,120,S105南沙港快速
113.355601,23.059437,120,S105南沙港快速
113.355593,23.059167,120,S105南沙港快速
113.355592,23.058897,120,S105南沙港快速
113.355599,23.058627,120,S105南沙港快速
113.355612,23.05836,120,S105南沙港快速
113.355645,23.058096,120,S105南沙港快速
113.355684,23.057833,120,S105南沙港快速
113.355756,23.057578,120,S105南沙港快速
113.355832,23.057325,120,S105南沙港快速
113.355917,23.057075,120,S105南沙港快速
113.356027,23.056833,120,S105南沙港快速
113.356151,23.056594,120,S105南沙港快速
113.356294,23.056362,120,S105南沙港快速
113.356443,23.056133,120,S105南沙港快速
113.356616,23.055922,120,S105南沙港快速
113.356796,23.055714,120,S105南沙港快速
113.356986,23.055516,120,S105南沙港快速
113.357189,23.055331,120,S105南沙港快速
113.357407,23.05516,120,S105南沙港快速
113.35763,23.054993,120,S105南沙港快速
113.357853,23.054826,120,S105南沙港快速
113.358078,23.054661,120,S105南沙港快速
113.35832,23.054514,120,S105南沙港快速
113.358563,23.054366,120,S105南沙港快速
113.358806,23.054218,120,S105南沙港快速
113.359049,23.05407,120,S105南沙港快速
113.359292,23.053923,120,S105南沙港快速
113.359534,23.053776,120,S105南沙港快速
113.359777,23.053628,120,S105南沙港快速
113.360019,23.053481,120,S105南沙港快速
113.360262,23.053333,120,S105南沙港快速
113.360505,23.053185,120,S105南沙港快速
113.360748,23.053037,120,S105南沙港快速
113.36099,23.05289,120,S105南沙港快速
113.361232,23.052743,120,S105南沙港快速
113.361476,23.052596,120,S105南沙港快速
113.361718,23.052446,120,S105南沙港快速
113.36196,23.052296,120,S105南沙港快速
113.362202,23.052147,120,S105南沙港快速
113.362443,23.051998,120,S105南沙港快速
113.362684,23.051849,120,S105南沙港快速
113.362928,23.051705,120,S105南沙港快速
113.36317,23.051557,120,S105南沙港快速
113.363412,23.051407,120,S105南沙港快速
113.363653,23.051258,120,S105南沙港快速
113.363895,23.051109,120,S105南沙港快速
113.364136,23.05096,120,S105南沙港快速
113.364377,23.050811,120,S105南沙港快速
113.364618,23.050662,120,S105南沙港快速
113.36486,23.050513,120,S105南沙港快速
113.365101,23.050363,120,S105南沙港快速
113.365343,23.050214,120,S105南沙港快速
113.365585,23.050065,120,S105南沙港快速
113.365826,23.049916,120,S105南沙港快速
113.366068,23.049766,120,S105南沙港快速
113.36631,23.049617,120,S105南沙港快速
113.366551,23.049468,120,S105南沙港快速
113.366793,23.049318,120,S105南沙港快速
113.367035,23.049169,120,S105南沙港快速
113.367278,23.049021,120,S105南沙港快速
113.367521,23.048873,120,S105南沙港快速
113.367756,23.048716,120,S105南沙港快速
113.367999,23.048569,120,S105南沙港快速
113.368241,23.048421,120,S105南沙港快速
113.368484,23.048274,120,S105南沙港快速
113.368726,23.048126,120,S105南沙港快速
113.368969,23.047979,120,S105南沙港快速
113.369211,23.047831,120,S105南沙港快速
113.369454,23.047684,120,S105南沙港快速
113.369697,23.047536,120,S105南沙港快速
113.369939,23.047389,120,S105南沙港快速
113.370178,23.047236,120,S105南沙港快速
113.370416,23.047082,120,S105南沙港快速
113.370654,23.046929,120,S105南沙港快速
113.370892,23.046775,120,S105南沙港快速
113.37113,23.046621,120,S105南沙港快速
113.371361,23.046462,120,S105南沙港快速
113.37158,23.04629,120,S105南沙港快速
113.371798,23.046117,120,S105南沙港快速
113.372006,23.045935,120,S105南沙港快速
113.372211,23.045751,120,S105南沙港快速
113.372398,23.045552,120,S105南沙港快速
113.37258,23.045349,120,S105南沙港快速
113.372761,23.045145,120,S105南沙港快速
113.372937,23.044935,120,S105南沙港快速
113.373095,23.044712,120,S105南沙港快速
113.373251,23.044487,120,S105南沙港快速
113.373393,23.044254,120,S105南沙港快速
113.373527,23.04402,120,S105南沙港快速
113.373649,23.043781,120,S105南沙港快速
113.373758,23.043539,120,S105南沙港快速
113.373858,23.043294,120,S105南沙港快速
113.373956,23.043049,120,S105南沙港快速
113.374037,23.042798,120,S105南沙港快速
113.374112,23.042546,120,S105南沙港快速
113.374177,23.04229,120,S105南沙港快速
113.374231,23.042032,120,S105南沙港快速
113.374285,23.041774,120,S105南沙港快速
113.374311,23.04151,120,S105南沙港快速
113.374328,23.041243,120,S105南沙港快速
113.374345,23.040977,120,S105南沙港快速
113.374355,23.040709,120,S105南沙港快速
113.374341,23.040442,120,S105南沙港快速
113.374327,23.040175,120,S105南沙港快速
113.374313,23.039907,120,S105南沙港快速
113.374293,23.039641,120,S105南沙港快速
113.374263,23.039377,120,S105南沙港快速
113.374234,23.039114,120,S105南沙港快速
113.374204,23.038851,120,S105南沙港快速
113.374174,23.038586,120,S105南沙港快速
113.374145,23.038323,120,S105南沙港快速
113.374115,23.03806,120,S105南沙港快速
113.374086,23.037795,120,S105南沙港快速
113.374056,23.037532,120,S105南沙港快速
113.374026,23.037269,120,S105南沙港快速
113.373997,23.037004,120,S105南沙港快速
113.373967,23.036741,120,S105南沙港快速
113.373938,23.036478,120,S105南沙港快速
113.373908,23.036214,120,S105南沙港快速
113.373878,23.03595,120,S105南沙港快速
113.373849,23.035686,120,S105南沙港快速
113.373819,23.035423,120,S105南沙港快速
113.373789,23.035158,120,S105南沙港快速
113.37376,23.034895,120,S105南沙港快速
113.37373,23.034632,120,S105南沙港快速
113.3737,23.034367,120,S105南沙港快速
113.373671,23.034104,120,S105南沙港快速
113.373641,23.033841,120,S105南沙港快速
113.373612,23.033576,120,S105南沙港快速
113.373582,23.033313,120,S105南沙港快速
113.373552,23.03305,120,S105南沙港快速
113.373523,23.032785,120,S105南沙港快速
113.373493,23.03252,120,S105南沙港快速
113.373463,23.032257,120,S105南沙港快速
113.373434,23.031992,120,S105南沙港快速
113.373404,23.031727,120,S105南沙港快速
113.373374,23.031465,120,S105南沙港快速
113.373343,23.031202,120,S105南沙港快速
113.373313,23.030937,120,S105南沙港快速
113.373282,23.030673,120,S105南沙港快速
113.373252,23.030408,120,S105南沙港快速
113.373221,23.030143,120,S105南沙港快速
113.373191,23.029881,120,S105南沙港快速
113.373162,23.029616,120,S105南沙港快速
113.373133,23.029352,120,S105南沙港快速
113.373104,23.029087,120,S105南沙港快速
113.373078,23.028822,120,S105南沙港快速
113.373059,23.028555,120,S105南沙港快速
113.373039,23.028288,120,S105南沙港快速
113.373019,23.028022,120,S105南沙港快速
113.373002,23.027756,120,S105南沙港快速
113.372994,23.027486,120,S105南沙港快速
113.372986,23.027217,120,S105南沙港快速
113.372984,23.026948,120,S105南沙港快速
113.373,23.026682,120,S105南沙港快速
113.373017,23.026415,120,S105南沙港快速
113.373045,23.026151,120,S105南沙港快速
113.373085,23.02589,120,S105南沙港快速
113.373126,23.025629,120,S105南沙港快速
113.373179,23.02537,120,S105南沙港快速
113.373231,23.025109,120,S105南沙港快速
113.3733,23.024855,120,S105南沙港快速
113.373373,23.024602,120,S105南沙港快速
113.373461,23.024353,120,S105南沙港快速
113.373548,23.024104,120,S105南沙港快速
113.373646,23.023859,120,S105南沙港快速
113.373747,23.023614,120,S105南沙港快速
113.373857,23.02337,120,S105南沙港快速
113.373971,23.023129,120,S105南沙港快速
113.374099,23.022892,120,S105南沙港快速
113.374226,23.022656,120,S105南沙港快速
113.374354,23.022419,120,S105南沙港快速
113.374489,23.022185,120,S105南沙港快速
113.374624,23.02195,120,S105南沙港快速
113.374759,23.021715,120,S105南沙港快速
113.374894,23.021481,120,S105南沙港快速
113.37503,23.021246,120,S105南沙港快速
113.375169,23.021012,120,S105南沙港快速
113.375308,23.020779,120,S105南沙港快速
113.375447,23.020546,120,S105南沙港快速
113.375587,23.020311,120,S105南沙港快速
113.375726,23.020078,120,S105南沙港快速
113.375865,23.019844,120,S105南沙港快速
113.376004,23.019611,120,S105南沙港快速
113.376143,23.019377,120,S105南沙港快速
113.376282,23.019144,120,S105南沙港快速
113.376421,23.01891,120,S105南沙港快速
113.376559,23.018676,120,S105南沙港快速
113.376696,23.018442,120,S105南沙港快速
113.376833,23.018208,120,S105南沙港快速
113.376971,23.017973,120,S105南沙港快速
113.377103,23.017738,120,S105南沙港快速
113.377229,23.017501,120,S105南沙港快速
113.377355,23.017264,120,S105南沙港快速
113.377481,23.017026,120,S105南沙港快速
113.377606,23.016788,120,S105南沙港快速
113.377727,23.016549,120,S105南沙港快速
113.377849,23.01631,120,S105南沙港快速
113.377972,23.01607,120,S105南沙港快速
113.378093,23.015831,120,S105南沙港快速
113.378204,23.015588,120,S105南沙港快速
113.378315,23.015347,120,S105南沙港快速
113.378426,23.015104,120,S105南沙港快速
113.378538,23.014861,120,S105南沙港快速
113.378641,23.014616,120,S105南沙港快速
113.378744,23.014371,120,S105南沙港快速
113.378844,23.014126,120,S105南沙港快速
113.378942,23.01388,120,S105南沙港快速
113.379041,23.013633,120,S105南沙港快速
113.37914,23.013388,120,S105南沙港快速
113.379237,23.013142,120,S105南沙港快速
113.379327,23.012894,120,S105南沙港快速
113.379418,23.012646,120,S105南沙港快速
113.379505,23.012396,120,S105南沙港快速
113.379591,23.012146,120,S105南沙港快速
113.379677,23.011896,120,S105南沙港快速
113.379763,23.011646,120,S105南沙港快速
113.379849,23.011396,120,S105南沙港快速
113.379924,23.011144,120,S105南沙港快速
113.379998,23.01089,120,S105南沙港快速
113.380071,23.010636,120,S105南沙港快速
113.380144,23.010384,120,S105南沙港快速
113.380217,23.010132,120,S105南沙港快速
113.38029,23.009879,120,S105南沙港快速
113.380363,23.009627,120,S105南沙港快速
113.380436,23.009373,120,S105南沙港快速
113.380506,23.009119,120,S105南沙港快速
113.380568,23.008863,120,S105南沙港快速
113.380629,23.008607,120,S105南沙港快速
113.380693,23.008352,120,S105南沙港快速
113.380762,23.008097,120,S105南沙港快速
113.380831,23.007844,120,S105南沙港快速
113.3809,23.00759,120,S105南沙港快速
113.38097,23.007335,120,S105南沙港快速
113.381039,23.007082,120,S105南沙港快速
113.381108,23.006828,120,S105南沙港快速
113.381177,23.006573,120,S105南沙港快速
113.381247,23.006319,120,S105南沙港快速
113.381316,23.006066,120,S105南沙港快速
113.381385,23.005812,120,S105南沙港快速
113.381454,23.005559,120,S105南沙港快速
113.381523,23.005304,120,S105南沙港快速
113.381593,23.00505,120,S105南沙港快速
113.381662,23.004797,120,S105南沙港快速
113.381731,23.004544,120,S105南沙港快速
113.3818,23.00429,120,S105南沙港快速
113.381863,23.004034,120,S105南沙港快速
113.381926,23.003779,120,S105南沙港快速
113.381988,23.003523,120,S105南沙港快速
113.382045,23.003266,120,S105南沙港快速
113.3821,23.003009,120,S105南沙港快速
113.382155,23.002752,120,S105南沙港快速
113.38221,23.002494,120,S105南沙港快速
113.382262,23.002236,120,S105南沙港快速
113.382309,23.001976,120,S105南沙港快速
113.382355,23.001717,120,S105南沙港快速
113.382401,23.001458,120,S105南沙港快速
113.382447,23.001199,120,S105南沙港快速
113.382493,23.000939,120,S105南沙港快速
113.382538,23.00068,120,S105南沙港快速
113.382574,23.000419,120,S105南沙港快速
113.382609,23.000157,120,S105南沙港快速
113.38264,22.999893,120,S105南沙港快速
113.382666,22.999629,120,S105南沙港快速
113.382692,22.999364,120,S105南沙港快速
113.382716,22.999098,120,S105南沙港快速
113.382741,22.998833,120,S105南沙港快速
113.382765,22.998568,120,S105南沙港快速
113.38279,22.998303,120,S105南沙港快速
113.382814,22.998037,120,S105南沙港快速
113.382838,22.997772,120,S105南沙港快速
113.382863,22.997507,120,S105南沙港快速
113.382887,22.997242,120,S105南沙港快速
113.382912,22.996978,120,S105南沙港快速
113.382935,22.996712,120,S105南沙港快速
113.382958,22.996447,120,S105南沙港快速
113.382981,22.996182,120,S105南沙港快速
113.383004,22.995916,120,S105南沙港快速
113.383027,22.995651,120,S105南沙港快速
113.38305,22.995386,120,S105南沙港快速
113.383073,22.99512,120,S105南沙港快速
113.383097,22.994855,120,S105南沙港快速
113.38312,22.99459,120,S105南沙港快速
113.383143,22.994325,120,S105南沙港快速
113.383166,22.994059,120,S105南沙港快速
113.383189,22.993794,120,S105南沙港快速
113.383212,22.993529,120,S105南沙港快速
113.383235,22.993263,120,S105南沙港快速
113.383258,22.992998,120,S105南沙港快速
113.383281,22.992733,120,S105南沙港快速
113.383305,22.992468,120,S105南沙港快速
113.383329,22.992203,120,S105南沙港快速
113.383354,22.991938,120,S105南沙港快速
113.383378,22.991673,120,S105南沙港快速
113.383402,22.991407,120,S105南沙港快速
113.383427,22.991142,120,S105南沙港快速
113.383451,22.990877,120,S105南沙港快速
113.383481,22.990617,120,S105南沙港快速
113.383513,22.990357,120,S105南沙港快速
113.383545,22.990097,120,S105南沙港快速
113.383578,22.989838,120,S105南沙港快速
113.383503,22.989589,30,S105南沙港快速出口
113.383486,22.989323,30,S105南沙港快速出口
113.383427,22.989066,30,S105南沙港快速出口
113.383279,22.988839,30,S105南沙港快速出口
113.383035,22.988703,30,S105南沙港快速出口
113.382755,22.988675,30,S105南沙港快速出口
113.38249,22.988766,30,S105南沙港快速出口
113.382285,22.988953,30,S105南沙港快速出口
113.382127,22.989167,30,S105南沙港快速出口
113.382103,22.989433,30,S105南沙港快速出口
113.382079,22.989699,30,S105南沙港快速出口
113.382048,22.989963,30,S105南沙港快速出口
113.381976,22.990216,30,S105南沙港快速出口
113.381907,22.99047,30,S105南沙港快速出口
113.381863,22.990731,30,S105南沙港快速出口
113.381825,22.990993,30,S105南沙港快速出口
113.381784,22.991254,30,S105南沙港快速出口
113.38174,22.991514,30,S105南沙港快速出口
113.381759,22.991773,30,S105南沙港快速出口
113.382002,22.991853,30,S105南沙港快速出口
113.382287,22.991885,50,金山大道西
113.382573,22.991916,50,金山大道西
113.382858,22.991947,50,金山大道西
113.383143,22.991978,50,金山大道西
113.383429,22.992008,50,金山大道西
113.383714,22.992039,50,金山大道西
113.383998,22.992074,50,金山大道西
113.384281,22.99211,50,金山大道西
113.384565,22.992145,50,金山大道西
113.384848,22.992181,50,金山大道西
113.385131,22.992216,50,金山大道西
113.385415,22.992252,50,金山大道西
113.3857,22.992287,50,金山大道西
113.385984,22.992323,50,金山大道西
113.386269,22.992359,50,金山大道西
113.386553,22.992394,50,金山大道西
113.386838,22.99243,50,金山大道西
113.387122,22.992465,50,金山大道西
113.387405,22.992501,50,金山大道西
113.387689,22.992536,50,金山大道西
113.387972,22.992572,50,金山大道西
113.388256,22.992607,50,金山大道西
113.388539,22.992643,50,金山大道西
113.388822,22.992683,50,金山大道西
113.389104,22.992724,50,金山大道西
113.389386,22.992765,50,金山大道西
113.389669,22.992806,50,金山大道西
113.389951,22.992847,50,金山大道西
113.390233,22.992887,50,金山大道西
113.390517,22.992927,50,金山大道西
113.3908,22.992964,50,金山大道西
113.391045,22.992893,50,金山大道西
113.391311,22.992811,50,金山大道西
113.391593,22.992848,50,金山大道西
113.391836,22.99298,60,市新公路
113.391931,22.993224,60,市新公路
113.391913,22.993491,60,市新公路
113.391756,22.993704,60,市新公路
113.391525,22.993846,60,市新公路
113.391372,22.994073,60,市新公路
113.391271,22.994317,60,市新公路
113.391214,22.994577,60,市新公路
113.391243,22.994841,60,市新公路
113.391283,22.995102,60,市新公路
113.391336,22.995361,60,市新公路
113.391389,22.995619,60,市新公路
113.391442,22.995878,60,市新公路
113.391495,22.996137,60,市新公路
113.39155,22.996395,60,市新公路
113.39161,22.996651,60,市新公路
113.391671,22.996907,60,市新公路
113.391724,22.997166,60,市新公路
113.391777,22.997425,60,市新公路
113.391829,22.997684,60,市新公路
113.391884,22.997941,60,市新公路
113.391943,22.998198,60,市新公路
113.392002,22.998455,60,市新公路
113.392038,22.998717,60,市新公路
113.392072,22.99898,60,市新公路
113.392063,22.999248,60,市新公路
113.392023,22.99951,60,市新公路
113.39218,22.999728,70,南村东线路
113.392297,22.999967,70,南村东线路
113.392375,23.000218,70,南村东线路
113.392445,23.000472,70,南村东线路
113.392514,23.000725,70,南村东线路
113.392581,23.00098,70,南村东线路
113.392646,23.001235,70,南村东线路
113.392715,23.001489,70,南村东线路
113.392784,23.001743,70,南村东线路
113.392852,23.001997,70,南村东线路
113.392921,23.002252,70,南村东线路
113.392986,23.002507,70,南村东线路
113.39305,23.002763,70,南村东线路
113.393117,23.003017,70,南村东线路
113.393183,23.003271,70,南村东线路
113.39325,23.003526,70,南村东线路
113.393316,23.00378,70,南村东线路
113.393382,23.004034,70,南村东线路
113.393449,23.00429,70,南村东线路
113.393518,23.004543,70,南村东线路
113.393586,23.004797,70,南村东线路
113.393655,23.005052,70,南村东线路
113.393724,23.005307,70,南村东线路
113.393792,23.005561,70,南村东线路
113.393861,23.005816,70,南村东线路
113.393929,23.00607,70,南村东线路
113.394001,23.006323,70,南村东线路
113.394075,23.006577,70,南村东线路
113.394144,23.00683,70,南村东线路
113.394306,23.007042,70,南村东线路
113.394525,23.007213,70,兴业大道
113.394773,23.007342,70,兴业大道
113.395037,23.007437,70,兴业大道
113.395297,23.007542,70,兴业大道
113.395557,23.007646,70,兴业大道
113.395819,23.007749,70,兴业大道
113.396081,23.007852,70,兴业大道
113.396341,23.007955,70,兴业大道
113.396603,23.008058,70,兴业大道
113.396865,23.008161,70,兴业大道
113.397127,23.008265,70,兴业大道
113.397389,23.008365,70,兴业大道
113.397652,23.008466,70,兴业大道
113.397915,23.008567,70,兴业大道
113.398176,23.008668,70,兴业大道
113.398438,23.008768,70,兴业大道
113.398701,23.008869,70,兴业大道
113.398964,23.00897,70,兴业大道
113.399227,23.009071,70,兴业大道
113.39949,23.009173,70,兴业大道
113.399751,23.009275,70,兴业大道
113.400012,23.009377,70,兴业大道
113.400274,23.009478,70,兴业大道
113.400537,23.009579,70,兴业大道
113.400799,23.00968,70,兴业大道
113.401062,23.009782,70,兴业大道
113.401324,23.009883,70,兴业大道
113.401586,23.009988,70,兴业大道
113.401845,23.010097,70,兴业大道
113.402107,23.010201,70,兴业大道
113.40237,23.010301,70,兴业大道
113.402632,23.010401,70,兴业大道
113.402895,23.010502,70,兴业大道
113.403158,23.010602,70,兴业大道
113.40342,23.010701,70,兴业大道
113.403683,23.010801,70,兴业大道
113.403945,23.010901,70,兴业大道
113.404207,23.011004,70,兴业大道
113.404467,23.01111,70,兴业大道
113.404728,23.011217,70,兴业大道
113.404988,23.011324,70,兴业大道
113.40525,23.011428,70,兴业大道
113.405511,23.011532,70,兴业大道
113.405768,23.011644,70,兴业大道
113.406025,23.011758,70,兴业大道
113.406277,23.011882,70,兴业大道
113.406526,23.012014,70,兴业大道
113.406769,23.01216,70,兴业大道
113.407013,23.012307,70,兴业大道
113.407248,23.012462,70,兴业大道
113.407478,23.012623,70,兴业大道
113.407707,23.012784,70,兴业大道
113.407927,23.012955,70,兴业大道
113.408141,23.013131,70,兴业大道
113.408347,23.013314,70,兴业大道
113.408553,23.013497,70,兴业大道
113.408757,23.013683,70,兴业大道
113.408954,23.013875,70,兴业大道
113.40915,23.014067,70,兴业大道
113.409347,23.01426,70,兴业大道
113.409545,23.014451,70,兴业大道
113.409741,23.01464,70,兴业大道
113.409938,23.014831,70,兴业大道
113.410137,23.015024,70,兴业大道
113.410333,23.015213,70,兴业大道
113.41053,23.015403,70,兴业大道
113.410723,23.015598,70,兴业大道
113.410912,23.015795,70,兴业大道
113.411105,23.01599,70,兴业大道
113.411303,23.016182,70,兴业大道
113.4115,23.016373,70,兴业大道
113.411697,23.016564,70,兴业大道
113.411894,23.016755,70,兴业大道
113.412091,23.016946,70,兴业大道
113.412288,23.017137,70,兴业大道
113.412485,23.017328,70,兴业大道
113.412682,23.017519,70,兴业大道
113.412879,23.01771,70,兴业大道
113.413076,23.017901,70,兴业大道
113.413273,23.018092,70,兴业大道
113.41347,23.018282,70,兴业大道
113.413667,23.018473,70,兴业大道
113.413864,23.018664,70,兴业大道
113.41406,23.018855,70,兴业大道
113.414257,23.019047,70,兴业大道
113.414453,23.019239,70,兴业大道
113.41465,23.019432,70,兴业大道
113.414848,23.019625,70,兴业大道
113.415046,23.019817,70,兴业大道
113.415244,23.020009,70,兴业大道
113.415442,23.020201,70,兴业大道
113.41564,23.020393,70,兴业大道
113.415838,23.020585,70,兴业大道
113.416036,23.020777,70,兴业大道
113.415935,23.020963,70,兴业大道
113.415739,23.021157,50,M12乡道
113.415544,23.021353,50,M12乡道
113.415351,23.021548,50,M12乡道
113.415157,23.021742,50,M12乡道
113.414965,23.021936,50,M12乡道
113.414771,23.02213,50,M12乡道
113.414577,23.022325,50,M12乡道
113.414385,23.022519,50,M12乡道
113.414191,23.022713,50,M12乡道
113.413999,23.022907,50,M12乡道
113.413805,23.023102,50,M12乡道
113.41356,23.022981,50,M12乡道
113.413314,23.022843,50,M12乡道
113.413068,23.022704,50,M12乡道
113.412822,23.022565,50,M12乡道
113.412576,23.022426,50,M12乡道
113.41233,23.022287,50,M12乡道
113.412084,23.022148,50,M12乡道
113.411838,23.022009,50,M12乡道
113.41159,23.02187,50,M12乡道
113.411344,23.021731,50,M12乡道
113.411097,23.021592,50,M12乡道
113.410851,23.021453,50,M12乡道
113.410606,23.021312,30,[]
113.41036,23.021171,30,[]
113.41011,23.021041,30,[]
113.409852,23.02093,30,[]
113.409593,23.02082,30,[]
113.409335,23.020709,30,[]
113.409099,23.02059,30,[]
113.409221,23.02035,30,[]
113.409343,23.02011,30,[]
